date,ind,rain,ind,temp,ind,wetb,dewpt,vappr,rhum,msl
01-nov-2012 00:00,0,0.0,0,0.8,4, , , , ,976.2
01-nov-2012 01:00,0,0.0,0,1.3,0,1.0,0.6,6.4,95,976.0
01-nov-2012 02:00,0,0.0,0,1.5,0,1.2,0.8,6.5,94,976.2
01-nov-2012 03:00,0,0.0,0,0.8,0,0.6,0.1,6.2,95,976.3
01-nov-2012 04:00,0,0.0,0,1.1,0,0.9,0.6,6.4,96,976.1
01-nov-2012 05:00,0,0.0,0,1.3,0,1.1,0.7,6.4,96,976.4
01-nov-2012 06:00,0,0.0,0,1.2,0,1.0,0.6,6.4,95,976.2
01-nov-2012 07:00,0,0.0,0,1.1,0,0.9,0.6,6.4,96,976.8
01-nov-2012 08:00,0,0.0,0,1.3,0,1.1,0.8,6.5,96,977.4
01-nov-2012 09:00,0,0.0,0,1.6,0,1.4,1.1,6.6,97,977.9
01-nov-2012 10:00,0,0.0,0,2.8,0,2.6,2.2,7.2,95,977.9
01-nov-2012 11:00,0,0.0,0,3.9,0,3.3,2.5,7.3,90,978.0
01-nov-2012 12:00,0,0.0,0,5.8,0,4.1,1.5,6.8,73,977.7
01-nov-2012 13:00,0,0.0,0,7.2,0,4.7,0.8,6.5,63,977.4
01-nov-2012 14:00,0,0.0,0,6.8,0,4.4,0.8,6.5,65,976.9
01-nov-2012 15:00,0,0.0,0,6.3,0,4.1,0.8,6.5,67,976.7
01-nov-2012 16:00,0,0.2,0,5.4,0,4.2,2.3,7.2,80,976.8
01-nov-2012 17:00,0,0.9,0,4.7,0,4.1,3.3,7.8,90,977.6
01-nov-2012 18:00,0,0.1,0,4.7,0,4.2,3.4,7.8,91,978.0
01-nov-2012 19:00,0,0.0,0,4.6,0,4.0,3.1,7.6,90,978.8
01-nov-2012 20:00,0,0.0,0,4.4,0,3.7,2.6,7.4,88,979.5
01-nov-2012 21:00,0,0.0,0,4.4,0,3.6,2.3,7.2,86,980.0
01-nov-2012 22:00,0,0.0,0,4.8,0,3.9,2.6,7.4,85,980.3
01-nov-2012 23:00,0,0.1,0,5.0,0,4.0,2.6,7.4,84,980.7
02-nov-2012 00:00,0,0.0,0,5.0,0,4.1,2.8,7.5,85,981.3
02-nov-2012 01:00,0,0.0,0,5.1,0,4.2,2.8,7.5,85,981.7
02-nov-2012 02:00,0,0.0,0,4.6,0,3.6,2.2,7.2,84,982.5
02-nov-2012 03:00,0,0.0,0,4.4,0,3.5,2.0,7.1,84,982.6
02-nov-2012 04:00,0,0.0,0,3.9,0,2.9,1.2,6.7,82,982.7
02-nov-2012 05:00,0,0.0,0,3.4,0,2.5,0.9,6.5,83,982.9
02-nov-2012 06:00,0,0.0,0,3.5,0,2.6,1.0,6.6,83,983.0
02-nov-2012 07:00,0,0.0,0,3.2,0,2.3,0.8,6.5,84,983.6
02-nov-2012 08:00,0,0.0,0,3.4,0,2.4,0.8,6.5,83,983.6
02-nov-2012 09:00,0,0.0,0,4.2,0,3.1,1.4,6.7,81,984.0
02-nov-2012 10:00,0,0.0,0,6.7,0,4.7,1.8,7.0,70,984.3
02-nov-2012 11:00,0,0.0,0,7.7,0,5.4,2.2,7.2,68,985.0
02-nov-2012 12:00,0,0.0,0,8.4,0,6.0,2.6,7.4,67,985.3
02-nov-2012 13:00,0,0.3,0,6.6,0,4.9,2.5,7.3,74,986.3
02-nov-2012 14:00,0,0.0,0,8.1,0,5.8,2.6,7.4,68,986.4
02-nov-2012 15:00,0,0.0,0,7.2,0,5.3,2.6,7.3,72,987.4
02-nov-2012 16:00,0,0.0,0,6.2,0,4.9,3.2,7.7,81,988.8
02-nov-2012 17:00,0,0.0,0,5.4,0,4.2,2.6,7.3,82,989.6
02-nov-2012 18:00,0,0.0,0,3.9,0,3.1,2.0,7.1,87,989.8
02-nov-2012 19:00,0,0.0,0,2.5,0,2.1,1.4,6.7,91,990.1
02-nov-2012 20:00,0,0.0,0,2.3,0,1.9,1.3,6.7,93,990.6
02-nov-2012 21:00,0,0.0,0,3.0,0,2.4,1.5,6.8,89,991.0
02-nov-2012 22:00,0,0.0,0,2.6,0,2.1,1.2,6.7,90,991.0
02-nov-2012 23:00,0,0.0,0,2.6,0,1.9,0.6,6.4,87,990.7
03-nov-2012 00:00,0,0.0,0,2.0,0,1.4,0.5,6.3,89,990.8
03-nov-2012 01:00,0,0.0,0,1.9,0,1.3,0.3,6.3,89,990.7
03-nov-2012 02:00,0,0.0,0,1.4,0,1.1,0.5,6.3,93,990.5
03-nov-2012 03:00,0,0.0,0,1.1,0,0.8,0.1,6.2,93,990.4
03-nov-2012 04:00,0,0.0,0,0.6,0,0.2,-0.5,5.9,92,990.1
03-nov-2012 05:00,0,0.0,0,1.4,0,0.9,0.0,6.1,90,990.4
03-nov-2012 06:00,0,0.0,0,1.6,0,0.9,-0.4,5.9,86,990.5
03-nov-2012 07:00,0,0.0,0,1.8,0,1.0,-0.2,6.0,86,990.8
03-nov-2012 08:00,0,0.0,0,2.0,0,1.1,-0.4,5.9,83,991.4
03-nov-2012 09:00,0,0.0,0,3.2,0,1.9,-0.3,6.0,77,991.5
03-nov-2012 10:00,0,0.0,0,5.2,0,3.1,-0.4,5.9,67,991.4
03-nov-2012 11:00,0,0.0,0,6.3,0,4.0,0.2,6.2,64,991.4
03-nov-2012 12:00,0,0.0,0,7.1,0,4.3,0.0,6.1,60,991.3
03-nov-2012 13:00,0,0.0,0,7.6,0,4.6,-0.1,6.1,57,991.2
03-nov-2012 14:00,0,0.0,0,7.1,0,4.1,-0.8,5.8,56,990.9
03-nov-2012 15:00,0,0.0,0,6.9,0,4.1,-0.4,5.9,59,990.8
03-nov-2012 16:00,0,0.0,0,6.4,0,3.6,-1.0,5.7,59,990.7
03-nov-2012 17:00,0,0.0,0,5.1,0,3.1,-0.3,6.0,68,990.8
03-nov-2012 18:00,0,0.0,0,4.8,0,2.8,-0.4,6.0,69,990.7
03-nov-2012 19:00,0,0.0,0,4.1,0,2.6,0.1,6.2,75,991.1
03-nov-2012 20:00,0,0.0,0,4.2,0,2.7,0.2,6.2,75,990.9
03-nov-2012 21:00,0,0.0,0,5.2,0,3.4,0.5,6.3,71,990.9
03-nov-2012 22:00,0,0.0,0,5.3,0,3.3,0.1,6.1,69,990.5
03-nov-2012 23:00,0,0.0,0,5.3,0,3.3,-0.0,6.1,68,990.2
04-nov-2012 00:00,0,0.0,0,6.4,0,3.9,-0.2,6.0,62,989.8
04-nov-2012 01:00,0,0.0,0,6.7,0,4.3,0.7,6.4,65,989.5
04-nov-2012 02:00,0,0.0,0,6.6,0,4.2,0.4,6.3,64,989.2
04-nov-2012 03:00,0,0.0,0,7.1,0,4.5,0.6,6.4,63,988.7
04-nov-2012 04:00,0,0.0,0,7.4,0,4.8,0.8,6.5,63,988.3
04-nov-2012 05:00,0,0.0,0,6.9,0,4.8,1.7,6.9,69,988.2
04-nov-2012 06:00,0,0.2,0,6.3,0,4.7,2.3,7.2,75,988.0
04-nov-2012 07:00,0,0.1,0,6.8,0,5.2,2.9,7.5,76,988.2
04-nov-2012 08:00,0,0.9,0,5.5,0,4.7,3.5,7.9,87,988.4
04-nov-2012 09:00,0,0.9,0,5.4,0,4.6,3.4,7.8,86,988.5
04-nov-2012 10:00,0,0.4,0,5.8,0,4.9,3.8,8.0,87,988.9
04-nov-2012 11:00,0,0.0,0,6.6,0,5.7,4.7,8.5,87,989.3
04-nov-2012 12:00,0,0.1,0,7.1,0,6.3,5.3,8.9,88,989.5
04-nov-2012 13:00,0,0.1,0,7.3,0,6.3,4.9,8.7,84,989.9
04-nov-2012 14:00,0,0.2,0,7.6,0,6.1,4.1,8.2,78,990.1
04-nov-2012 15:00,0,0.1,0,7.6,0,5.8,3.4,7.8,74,990.4
04-nov-2012 16:00,0,0.3,0,7.6,0,6.1,4.2,8.3,79,991.3
04-nov-2012 17:00,0,1.8,0,6.6,0,5.4,3.9,8.1,83,992.1
04-nov-2012 18:00,0,0.0,0,6.8,0,5.6,4.1,8.2,82,993.3
04-nov-2012 19:00,0,0.0,0,6.1,0,4.9,3.1,7.7,81,994.5
04-nov-2012 20:00,0,0.0,0,7.5,0,5.7,3.3,7.7,74,995.7
04-nov-2012 21:00,0,0.0,0,7.7,0,5.8,3.4,7.8,74,996.7
04-nov-2012 22:00,0,0.0,0,8.1,0,5.9,3.0,7.6,70,998.0
04-nov-2012 23:00,0,0.0,0,7.7,0,5.1,1.4,6.8,64,999.3
05-nov-2012 00:00,0,0.0,0,7.4,0,5.4,2.6,7.4,71,1000.5
05-nov-2012 01:00,0,0.0,0,7.1,0,5.1,2.2,7.1,70,1001.8
05-nov-2012 02:00,0,0.0,0,5.2,0,4.0,2.3,7.2,81,1003.1
05-nov-2012 03:00,0,0.0,0,3.6,0,3.0,1.9,7.0,88,1004.3
05-nov-2012 04:00,0,0.0,0,3.6,0,2.9,1.8,6.9,87,1005.4
05-nov-2012 05:00,0,0.0,0,3.5,0,3.1,2.4,7.2,92,1006.3
05-nov-2012 06:00,0,0.0,0,2.8,0,2.2,1.2,6.7,89,1007.6
05-nov-2012 07:00,0,0.0,0,2.1,0,1.5,0.6,6.4,90,1008.7
05-nov-2012 08:00,0,0.0,0,1.5,0,1.1,0.4,6.3,92,1009.8
05-nov-2012 09:00,0,0.0,0,2.2,0,1.8,1.1,6.6,92,1010.8
05-nov-2012 10:00,0,0.0,0,4.0,0,3.2,1.9,7.0,86,1011.7
05-nov-2012 11:00,0,0.0,0,6.1,0,4.8,3.0,7.6,80,1012.1
05-nov-2012 12:00,0,0.0,0,8.5,0,6.4,3.8,8.0,72,1012.4
05-nov-2012 13:00,0,0.0,0,9.1,0,6.9,4.1,8.2,71,1012.7
05-nov-2012 14:00,0,0.0,0,8.7,0,6.7,4.0,8.1,72,1013.1
05-nov-2012 15:00,0,0.0,0,8.7,0,6.8,4.3,8.3,74,1013.6
05-nov-2012 16:00,0,0.0,0,8.0,0,6.0,3.4,7.8,73,1014.2
05-nov-2012 17:00,0,0.0,0,6.8,0,5.4,3.5,7.9,79,1015.3
05-nov-2012 18:00,0,0.0,0,5.3,0,4.3,2.9,7.5,84,1016.1
05-nov-2012 19:00,0,0.0,0,5.1,0,4.3,3.1,7.6,87,1017.5
05-nov-2012 20:00,0,0.0,0,3.9,0,3.4,2.5,7.3,90,1018.2
05-nov-2012 21:00,0,0.0,0,3.5,0,3.0,2.4,7.2,92,1019.0
05-nov-2012 22:00,0,0.0,0,3.2,0,2.8,2.2,7.1,93,1019.7
05-nov-2012 23:00,0,0.0,0,2.8,0,2.4,1.9,7.0,94,1020.2
06-nov-2012 00:00,0,0.0,0,2.6,0,2.2,1.7,6.9,94,1020.7
06-nov-2012 01:00,0,0.0,0,2.8,0,2.5,2.0,7.0,94,1021.1
06-nov-2012 02:00,0,0.0,0,3.4,0,3.0,2.6,7.4,94,1020.8
06-nov-2012 03:00,0,0.0,0,4.6,0,4.1,3.4,7.8,92,1020.7
06-nov-2012 04:00,0,0.0,0,4.9,0,4.3,3.5,7.9,90,1020.6
06-nov-2012 05:00,0,0.0,0,5.4,0,4.8,3.9,8.1,90,1020.9
06-nov-2012 06:00,0,0.0,0,6.0,0,5.5,4.8,8.6,91,1020.8
06-nov-2012 07:00,0,0.1,0,6.6,0,6.2,5.7,9.2,94,1020.8
06-nov-2012 08:00,0,0.0,0,6.8,0,6.4,5.9,9.3,93,1021.0
06-nov-2012 09:00,0,0.0,0,7.7,0,7.0,6.2,9.5,89,1021.2
06-nov-2012 10:00,0,0.0,0,8.5,0,7.5,6.3,9.5,85,1021.6
06-nov-2012 11:00,0,0.0,0,10.3,0,8.5,6.6,9.7,77,1021.7
06-nov-2012 12:00,0,0.0,0,11.3,0,9.3,7.2,10.2,76,1021.8
06-nov-2012 13:00,0,0.0,0,11.1,0,9.0,6.7,9.8,74,1022.2
06-nov-2012 14:00,0,0.0,0,10.9,0,8.7,6.2,9.5,73,1022.5
06-nov-2012 15:00,0,0.0,0,10.3,0,8.1,5.6,9.1,72,1022.5
06-nov-2012 16:00,0,0.0,0,9.4,0,7.7,5.7,9.2,77,1023.2
06-nov-2012 17:00,0,0.0,0,8.8,0,7.3,5.5,9.1,80,1023.3
06-nov-2012 18:00,0,0.0,0,8.2,0,7.0,5.5,9.0,82,1023.7
06-nov-2012 19:00,0,0.0,0,7.8,0,6.6,5.1,8.8,83,1024.2
06-nov-2012 20:00,0,0.0,0,8.6,0,7.2,5.5,9.0,80,1024.4
06-nov-2012 21:00,0,0.0,0,8.5,0,7.2,5.5,9.1,81,1024.4
06-nov-2012 22:00,0,0.0,0,8.3,0,6.9,5.3,8.9,81,1024.4
06-nov-2012 23:00,0,0.0,0,8.2,0,6.7,4.9,8.7,79,1024.6
07-nov-2012 00:00,0,0.0,0,8.1,0,6.6,4.7,8.6,79,1024.8
07-nov-2012 01:00,0,0.0,0,8.3,0,6.7,4.8,8.6,78,1024.7
07-nov-2012 02:00,0,0.0,0,8.5,0,6.9,4.9,8.6,78,1024.2
07-nov-2012 03:00,0,0.0,0,8.6,0,6.9,4.7,8.5,76,1024.0
07-nov-2012 04:00,0,0.0,0,8.5,0,7.0,5.0,8.7,78,1023.6
07-nov-2012 05:00,0,0.0,0,8.7,0,7.0,4.8,8.6,76,1023.5
07-nov-2012 06:00,0,0.0,0,8.8,0,7.1,5.0,8.7,77,1023.4
07-nov-2012 07:00,0,0.0,0,8.7,0,7.2,5.3,8.9,79,1023.1
07-nov-2012 08:00,0,0.0,0,8.9,0,7.3,5.4,9.0,78,1023.1
07-nov-2012 09:00,0,0.0,0,9.1,0,7.7,6.1,9.4,81,1023.1
07-nov-2012 10:00,0,0.0,0,8.9,0,7.6,6.0,9.4,82,1022.9
07-nov-2012 11:00,0,0.0,0,10.2,0,8.4,6.2,9.5,76,1022.4
07-nov-2012 12:00,0,0.0,0,10.8,0,8.6,6.1,9.4,72,1021.8
07-nov-2012 13:00,0,0.0,0,10.9,0,8.9,6.7,9.8,74,1021.3
07-nov-2012 14:00,0,0.0,0,10.9,0,9.0,6.9,9.9,76,1020.5
07-nov-2012 15:00,0,0.0,0,11.0,0,9.2,7.3,10.2,78,1019.9
07-nov-2012 16:00,0,0.0,0,11.1,0,9.4,7.6,10.4,79,1019.4
07-nov-2012 17:00,0,0.1,0,9.9,0,9.1,8.3,11.0,90,1019.4
07-nov-2012 18:00,0,0.0,0,10.3,0,9.4,8.6,11.2,89,1019.2
07-nov-2012 19:00,0,0.0,0,9.9,0,9.2,8.4,11.0,90,1019.6
07-nov-2012 20:00,0,0.0,0,9.3,0,8.2,7.1,10.1,85,1019.5
07-nov-2012 21:00,0,0.0,0,9.0,0,8.0,6.9,10.0,86,1019.6
07-nov-2012 22:00,0,0.0,0,8.9,0,7.8,6.6,9.7,85,1019.5
07-nov-2012 23:00,0,0.1,0,8.8,0,7.9,6.8,9.9,87,1019.3
08-nov-2012 00:00,0,0.0,0,9.1,0,8.1,7.0,10.0,86,1019.4
08-nov-2012 01:00,0,0.0,0,8.9,0,8.0,7.0,10.0,87,1019.3
08-nov-2012 02:00,0,0.0,0,8.5,0,7.9,7.1,10.1,91,1019.0
08-nov-2012 03:00,0,0.0,0,7.9,0,7.2,6.5,9.7,91,1018.8
08-nov-2012 04:00,0,0.0,0,8.2,0,7.5,6.7,9.8,90,1018.7
08-nov-2012 05:00,0,0.0,0,7.9,0,7.3,6.5,9.7,91,1018.5
08-nov-2012 06:00,0,0.0,0,7.6,0,7.0,6.3,9.6,91,1018.6
08-nov-2012 07:00,0,0.0,0,7.1,0,6.6,6.0,9.3,92,1018.6
08-nov-2012 08:00,0,0.0,0,7.5,0,7.0,6.3,9.5,92,1019.5
08-nov-2012 09:00,0,0.0,0,7.5,0,6.9,6.1,9.4,91,1019.5
08-nov-2012 10:00,0,0.0,0,8.9,0,7.7,6.4,9.6,84,1019.6
08-nov-2012 11:00,0,0.0,0,10.2,0,8.4,6.2,9.5,76,1019.4
08-nov-2012 12:00,0,0.0,0,10.8,0,8.8,6.6,9.7,75,1019.0
08-nov-2012 13:00,0,0.0,0,10.5,0,8.6,6.3,9.6,75,1018.6
08-nov-2012 14:00,0,0.0,0,10.7,0,8.5,5.9,9.3,72,1017.9
08-nov-2012 15:00,0,0.0,0,10.4,0,8.3,5.9,9.3,73,1017.0
08-nov-2012 16:00,0,0.0,0,9.9,0,8.3,6.4,9.6,78,1016.5
08-nov-2012 17:00,0,0.0,0,8.7,0,7.5,6.0,9.4,83,1015.9
08-nov-2012 18:00,0,0.0,0,8.8,0,7.7,6.4,9.6,84,1015.3
08-nov-2012 19:00,0,0.0,0,7.9,0,7.1,6.1,9.4,88,1014.7
08-nov-2012 20:00,0,0.0,0,8.5,0,7.4,6.0,9.4,84,1013.9
08-nov-2012 21:00,0,0.0,0,7.8,0,6.7,5.2,8.9,83,1013.0
08-nov-2012 22:00,0,0.0,0,7.9,0,6.5,4.6,8.5,79,1012.5
08-nov-2012 23:00,0,0.0,0,7.8,0,6.6,5.1,8.8,83,1012.1
09-nov-2012 00:00,0,0.0,0,8.3,0,7.1,5.6,9.1,82,1011.0
09-nov-2012 01:00,0,0.0,0,8.3,0,7.1,5.7,9.1,83,1010.0
09-nov-2012 02:00,0,0.0,0,8.8,0,7.2,5.4,8.9,79,1009.1
09-nov-2012 03:00,0,0.0,0,8.7,0,7.2,5.3,8.9,79,1008.2
09-nov-2012 04:00,0,0.1,0,8.5,0,7.4,6.1,9.4,84,1007.3
09-nov-2012 05:00,0,0.7,0,8.3,0,7.6,6.6,9.8,89,1005.3
09-nov-2012 06:00,0,0.9,0,8.4,0,7.7,7.0,10.0,91,1005.4
09-nov-2012 07:00,0,1.0,0,8.5,0,7.9,7.2,10.2,91,1004.1
09-nov-2012 08:00,0,0.4,0,8.9,0,8.2,7.5,10.4,91,1003.2
09-nov-2012 09:00,0,0.6,0,9.3,0,8.5,7.7,10.5,90,1002.4
09-nov-2012 10:00,0,0.1,0,9.7,0,8.8,7.8,10.6,87,1001.6
09-nov-2012 11:00,0,0.8,0,8.6,0,7.9,7.1,10.1,90,1002.0
09-nov-2012 12:00,0,0.5,0,8.5,0,7.9,7.3,10.2,92,1001.2
09-nov-2012 13:00,0,0.0,0,8.8,0,7.9,6.8,9.9,87,1000.5
09-nov-2012 14:00,0,0.0,0,9.3,0,8.1,6.6,9.8,83,999.7
09-nov-2012 15:00,0,0.0,0,8.7,0,7.4,5.7,9.2,81,999.0
09-nov-2012 16:00,0,0.0,0,8.6,0,7.2,5.4,9.0,80,998.6
09-nov-2012 17:00,0,0.0,0,8.1,0,6.7,5.0,8.7,80,998.6
09-nov-2012 18:00,0,0.0,0,7.2,0,6.1,4.6,8.5,83,998.2
09-nov-2012 19:00,0,0.0,0,6.9,0,5.8,4.2,8.3,83,998.0
09-nov-2012 20:00,0,0.0,0,6.4,0,5.2,3.5,7.9,82,997.7
09-nov-2012 21:00,0,0.0,0,5.6,0,4.7,3.4,7.8,85,997.7
09-nov-2012 22:00,0,0.0,0,6.0,0,5.0,3.6,7.9,84,997.4
09-nov-2012 23:00,0,0.0,0,5.6,0,4.6,3.0,7.6,83,997.2
10-nov-2012 00:00,0,0.0,0,4.9,0,4.0,2.8,7.5,86,996.9
10-nov-2012 01:00,0,0.0,0,4.8,0,4.0,2.9,7.5,87,996.3
10-nov-2012 02:00,0,0.0,0,4.3,0,3.6,2.6,7.4,88,996.1
10-nov-2012 03:00,0,0.0,0,3.8,0,3.3,2.6,7.4,91,995.7
10-nov-2012 04:00,0,0.0,0,3.2,0,2.8,2.1,7.1,92,995.2
10-nov-2012 05:00,0,0.0,0,3.6,0,3.0,2.2,7.2,90,994.9
10-nov-2012 06:00,0,0.0,0,4.0,0,3.2,2.2,7.2,88,994.5
10-nov-2012 07:00,0,0.1,0,3.4,0,2.8,1.9,7.0,90,994.2
10-nov-2012 08:00,0,0.0,0,2.6,0,2.2,1.6,6.8,92,994.1
10-nov-2012 09:00,0,0.0,0,5.7,0,4.6,3.2,7.7,84,994.3
10-nov-2012 10:00,0,0.0,0,5.9,0,5.1,4.0,8.1,87,994.4
10-nov-2012 11:00,0,0.0,0,6.6,0,5.8,4.7,8.6,88,994.7
10-nov-2012 12:00,0,0.0,0,7.0,0,6.1,5.1,8.8,87,994.7
10-nov-2012 13:00,0,0.0,0,8.8,0,7.0,4.7,8.6,75,994.5
10-nov-2012 14:00,0,0.1,0,7.5,0,5.8,3.5,7.8,75,994.7
10-nov-2012 15:00,0,0.0,0,6.9,0,5.2,3.0,7.6,76,994.9
10-nov-2012 16:00,0,0.0,0,6.3,0,4.6,2.2,7.2,75,995.5
10-nov-2012 17:00,0,0.0,0,4.8,0,3.5,1.6,6.9,80,996.1
10-nov-2012 18:00,0,0.0,0,3.0,0,2.4,1.5,6.8,89,997.4
10-nov-2012 19:00,0,0.0,0,4.2,0,3.3,2.0,7.1,85,998.2
10-nov-2012 20:00,0,0.0,0,3.9,0,3.2,2.0,7.0,87,999.0
10-nov-2012 21:00,0,0.0,0,3.6,0,2.9,1.9,7.0,89,999.9
10-nov-2012 22:00,0,0.0,0,3.2,0,2.7,1.9,7.0,91,1000.9
10-nov-2012 23:00,0,0.0,0,2.7,0,2.3,1.7,6.9,93,1002.1
11-nov-2012 00:00,0,0.0,0,2.4,0,2.1,1.6,6.8,94,1003.1
11-nov-2012 01:00,0,0.0,0,2.3,0,2.0,1.5,6.8,94,1004.1
11-nov-2012 02:00,0,0.0,0,2.2,0,1.9,1.4,6.8,94,1004.9
11-nov-2012 03:00,0,0.0,0,2.0,0,1.8,1.3,6.7,95,1006.2
11-nov-2012 04:00,0,0.0,0,2.0,0,1.7,1.3,6.7,95,1007.8
11-nov-2012 05:00,0,0.0,0,1.8,0,1.6,1.2,6.7,95,1008.2
11-nov-2012 06:00,0,0.0,0,2.1,0,1.9,1.4,6.8,95,1009.4
11-nov-2012 07:00,0,0.0,0,2.4,0,2.1,1.6,6.9,94,1010.7
11-nov-2012 08:00,0,0.0,0,2.2,0,1.9,1.5,6.8,95,1011.4
11-nov-2012 09:00,0,0.0,0,2.6,0,2.3,1.9,7.0,95,1012.6
11-nov-2012 10:00,0,0.0,0,4.9,0,4.2,3.2,7.7,88,1013.3
11-nov-2012 11:00,0,0.0,0,6.9,0,5.4,3.5,7.8,79,1013.5
11-nov-2012 12:00,0,0.0,0,7.3,0,5.9,4.0,8.1,79,1014.0
11-nov-2012 13:00,0,0.0,0,8.5,0,6.8,4.8,8.6,77,1014.0
11-nov-2012 14:00,0,0.0,0,8.4,0,7.0,5.3,8.9,80,1014.5
11-nov-2012 15:00,0,0.0,0,8.2,0,6.9,5.3,8.9,81,1014.9
11-nov-2012 16:00,0,0.0,0,7.8,0,6.6,5.2,8.8,83,1015.1
11-nov-2012 17:00,0,0.0,0,7.0,0,6.2,5.1,8.8,87,1015.4
11-nov-2012 18:00,0,0.0,0,7.2,0,6.1,4.8,8.6,85,1015.4
11-nov-2012 19:00,0,0.0,0,7.0,0,6.1,4.9,8.6,86,1015.9
11-nov-2012 20:00,0,0.0,0,6.8,0,6.0,5.0,8.7,88,1016.1
11-nov-2012 21:00,0,0.2,0,6.7,0,6.1,5.3,8.9,90,1016.3
11-nov-2012 22:00,0,0.2,0,6.5,0,6.0,5.4,9.0,92,1016.0
11-nov-2012 23:00,0,0.2,0,6.3,0,5.9,5.3,8.9,93,1015.6
12-nov-2012 00:00,0,0.0,0,6.2,0,5.5,4.4,8.4,88,1014.8
12-nov-2012 01:00,0,0.0,0,6.9,0,5.9,4.6,8.5,85,1013.8
12-nov-2012 02:00,0,0.0,0,7.3,0,6.2,4.7,8.6,83,1013.0
12-nov-2012 03:00,0,0.0,0,7.4,0,6.5,5.4,9.0,87,1012.0
12-nov-2012 04:00,0,0.0,0,9.3,0,8.0,6.5,9.7,82,1011.2
12-nov-2012 05:00,0,0.4,0,10.0,0,9.1,8.1,10.8,87,1010.6
12-nov-2012 06:00,0,0.2,0,10.2,0,9.5,8.7,11.3,90,1010.4
12-nov-2012 07:00,0,0.5,0,10.5,0,10.0,9.6,11.9,94,1010.4
12-nov-2012 08:00,0,0.2,0,11.3,0,10.8,10.3,12.5,93,1011.0
12-nov-2012 09:00,0,0.0,0,11.9,0,11.3,10.7,12.9,92,1011.4
12-nov-2012 10:00,0,0.0,0,12.5,0,11.9,11.3,13.4,92,1012.4
12-nov-2012 11:00,0,0.0,0,13.2,0,12.1,11.0,13.1,86,1013.0
12-nov-2012 12:00,0,0.0,0,13.2,0,12.0,10.9,13.1,86,1013.1
12-nov-2012 13:00,0,0.0,0,13.6,0,12.1,10.7,12.9,82,1013.0
12-nov-2012 14:00,0,0.0,0,13.9,0,12.3,10.9,13.0,82,1012.8
12-nov-2012 15:00,0,0.0,0,13.7,0,12.2,10.8,13.0,82,1013.0
12-nov-2012 16:00,0,0.0,0,13.1,0,11.7,10.4,12.6,83,1013.3
12-nov-2012 17:00,0,0.0,0,12.8,0,11.5,10.3,12.5,84,1013.7
12-nov-2012 18:00,0,0.0,0,12.4,0,11.3,10.3,12.5,86,1014.1
12-nov-2012 19:00,0,0.0,0,13.3,0,12.0,10.8,13.0,85,1014.9
12-nov-2012 20:00,0,0.0,0,12.5,0,11.5,10.6,12.8,88,1015.0
12-nov-2012 21:00,0,0.0,0,12.3,0,11.3,10.3,12.5,87,1015.6
12-nov-2012 22:00,0,0.0,0,12.6,0,11.6,10.6,12.8,87,1015.3
12-nov-2012 23:00,0,0.0,0,12.4,0,11.4,10.6,12.8,88,1015.9
13-nov-2012 00:00,0,0.0,0,12.7,0,11.7,10.7,12.9,87,1015.9
13-nov-2012 01:00,0,0.1,0,12.8,0,11.9,11.1,13.2,89,1015.8
13-nov-2012 02:00,0,0.0,0,12.9,0,11.9,11.0,13.1,88,1015.3
13-nov-2012 03:00,0,0.0,0,13.2,0,12.0,10.9,13.1,86,1015.2
13-nov-2012 04:00,0,0.0,0,13.1,0,11.8,10.5,12.7,84,1015.1
13-nov-2012 05:00,0,0.0,0,12.8,0,11.3,10.0,12.3,83,1015.0
13-nov-2012 06:00,0,0.0,0,13.0,0,11.0,9.1,11.5,77,1015.7
13-nov-2012 07:00,0,0.0,0,12.8,0,10.9,9.1,11.6,78,1015.6
13-nov-2012 08:00,0,0.0,0,12.7,0,10.9,9.1,11.6,78,1016.0
13-nov-2012 09:00,0,0.0,0,12.6,0,11.1,9.6,12.0,81,1016.2
13-nov-2012 10:00,0,0.0,0,13.1,0,11.5,10.0,12.3,81,1016.4
13-nov-2012 11:00,0,0.0,0,13.9,0,12.0,10.3,12.5,78,1016.8
13-nov-2012 12:00,0,0.0,0,13.7,0,11.9,10.3,12.5,79,1017.0
13-nov-2012 13:00,0,0.0,0,13.9,0,12.1,10.5,12.7,80,1016.8
13-nov-2012 14:00,0,0.0,0,13.8,0,12.1,10.5,12.7,80,1016.9
13-nov-2012 15:00,0,0.0,0,13.7,0,11.9,10.3,12.5,80,1017.0
13-nov-2012 16:00,0,0.0,0,13.4,0,11.6,9.9,12.2,79,1017.2
13-nov-2012 17:00,0,0.0,0,13.1,0,11.6,10.2,12.4,82,1017.4
13-nov-2012 18:00,0,0.0,0,12.6,0,11.6,10.6,12.8,87,1017.9
13-nov-2012 19:00,0,0.1,0,12.9,0,11.5,10.2,12.5,83,1018.2
13-nov-2012 20:00,0,0.0,0,12.7,0,11.6,10.7,12.9,87,1018.6
13-nov-2012 21:00,0,0.0,0,12.7,0,11.7,10.7,12.9,87,1019.1
13-nov-2012 22:00,0,0.7,0,12.2,0,11.5,10.9,13.1,92,1019.4
13-nov-2012 23:00,0,0.1,0,12.3,0,11.5,10.9,13.0,91,1019.6
14-nov-2012 00:00,0,0.0,0,12.4,0,11.6,10.8,13.0,90,1019.7
14-nov-2012 01:00,0,0.0,0,12.6,0,11.4,10.3,12.5,86,1019.9
14-nov-2012 02:00,0,0.0,0,12.5,0,11.3,10.2,12.5,86,1020.0
14-nov-2012 03:00,0,0.0,0,12.6,0,11.2,10.0,12.3,84,1020.2
14-nov-2012 04:00,0,0.0,0,11.9,0,10.8,9.6,12.0,85,1020.4
14-nov-2012 05:00,0,0.0,0,11.7,0,10.4,9.2,11.6,84,1020.5
14-nov-2012 06:00,0,0.0,0,11.4,0,10.1,8.7,11.3,83,1021.1
14-nov-2012 07:00,0,0.0,0,11.1,0,9.5,7.8,10.6,80,1021.7
14-nov-2012 08:00,0,0.0,0,10.7,0,9.1,7.3,10.2,79,1022.3
14-nov-2012 09:00,0,0.0,0,11.4,0,9.2,6.7,9.8,73,1022.8
14-nov-2012 10:00,0,0.0,0,12.1,0,9.9,7.6,10.5,74,1023.1
14-nov-2012 11:00,0,0.0,0,13.0,0,10.4,7.8,10.6,70,1023.1
14-nov-2012 12:00,0,0.0,0,13.5,0,10.7,7.9,10.7,68,1022.8
14-nov-2012 13:00,0,0.0,0,13.8,0,10.9,7.9,10.6,67,1022.8
14-nov-2012 14:00,0,0.0,0,13.1,0,10.4,7.5,10.3,68,1023.1
14-nov-2012 15:00,0,0.0,0,12.9,0,9.9,6.7,9.8,66,1023.0
14-nov-2012 16:00,0,0.0,0,12.0,0,9.4,6.5,9.7,68,1023.2
14-nov-2012 17:00,0,0.0,0,10.3,0,8.5,6.5,9.7,77,1023.5
14-nov-2012 18:00,0,0.0,0,8.7,0,7.8,6.7,9.8,87,1023.8
14-nov-2012 19:00,0,0.0,0,7.5,0,6.8,6.0,9.4,90,1024.2
14-nov-2012 20:00,0,0.0,0,7.5,0,7.1,6.6,9.7,93,1024.5
14-nov-2012 21:00,0,0.0,0,8.0,0,7.4,6.8,9.9,92,1024.5
14-nov-2012 22:00,0,0.0,0,7.2,0,6.8,6.2,9.5,93,1024.6
14-nov-2012 23:00,0,0.0,0,6.1,0,5.7,5.2,8.9,94,1024.3
15-nov-2012 00:00,0,0.0,0,6.8,0,6.5,6.2,9.5,96,1024.4
15-nov-2012 01:00,0,0.0,0,7.6,0,7.3,6.9,9.9,95,1024.0
15-nov-2012 02:00,0,0.0,0,7.6,0,7.3,6.8,9.9,94,1023.7
15-nov-2012 03:00,0,0.0,0,7.7,0,7.3,6.9,9.9,94,1023.4
15-nov-2012 04:00,0,0.0,0,8.1,0,7.7,7.2,10.2,94,1023.2
15-nov-2012 05:00,0,0.0,0,8.2,0,7.8,7.3,10.2,93,1022.9
15-nov-2012 06:00,0,0.0,0,8.4,0,7.8,7.1,10.1,91,1023.0
15-nov-2012 07:00,0,0.0,0,7.5,0,6.9,6.2,9.5,91,1022.8
15-nov-2012 08:00,0,0.0,0,7.8,0,7.2,6.6,9.7,91,1022.8
15-nov-2012 09:00,0,0.0,0,8.3,0,7.8,7.1,10.1,92,1022.7
15-nov-2012 10:00,0,0.0,0,9.7,0,8.7,7.5,10.4,85,1022.3
15-nov-2012 11:00,0,0.0,0,12.5,0,9.9,7.2,10.1,70,1021.7
15-nov-2012 12:00,0,0.0,0,12.7,0,9.9,6.9,10.0,67,1020.9
15-nov-2012 13:00,0,0.0,0,12.5,0,9.4,5.9,9.3,64,1020.2
15-nov-2012 14:00,0,0.0,0,12.1,0,9.1,5.5,9.0,63,1019.5
15-nov-2012 15:00,0,0.0,0,11.7,0,9.0,6.0,9.3,67,1019.0
15-nov-2012 16:00,0,0.0,0,11.1,0,8.7,6.0,9.3,70,1018.9
15-nov-2012 17:00,0,0.0,0,10.2,0,8.4,6.4,9.6,77,1018.8
15-nov-2012 18:00,0,0.0,0,8.7,0,7.5,6.0,9.4,83,1018.5
15-nov-2012 19:00,0,0.0,0,7.4,0,6.7,5.7,9.2,89,1018.4
15-nov-2012 20:00,0,0.0,0,8.1,0,7.4,6.7,9.8,90,1018.5
15-nov-2012 21:00,0,0.0,0,8.8,0,8.0,7.0,10.0,88,1018.3
15-nov-2012 22:00,0,0.0,0,8.2,0,7.3,6.3,9.5,87,1017.9
15-nov-2012 23:00,0,0.0,0,6.5,0,5.9,5.1,8.8,90,1017.8
16-nov-2012 00:00,0,0.0,0,5.9,0,5.5,4.9,8.7,93,1017.5
16-nov-2012 01:00,0,0.0,0,6.7,0,6.3,5.7,9.2,93,1016.5
16-nov-2012 02:00,0,0.0,0,5.1,0,4.7,4.1,8.2,93,1016.3
16-nov-2012 03:00,0,0.0,0,5.1,0,4.8,4.3,8.3,94,1016.0
16-nov-2012 04:00,0,0.0,0,4.7,0,4.3,3.9,8.1,94,1015.3
16-nov-2012 05:00,0,0.0,0,4.3,0,4.0,3.6,7.9,95,1014.9
16-nov-2012 06:00,0,0.0,0,4.8,0,4.6,4.2,8.2,95,1015.0
16-nov-2012 07:00,0,0.0,0,5.4,0,5.1,4.8,8.6,96,1014.5
16-nov-2012 08:00,0,0.0,0,5.1,0,4.8,4.4,8.4,95,1013.9
16-nov-2012 09:00,0,0.0,0,4.6,0,4.4,4.1,8.2,96,1013.7
16-nov-2012 10:00,0,0.0,0,5.2,0,4.9,4.5,8.4,95,1013.2
16-nov-2012 11:00,0,0.0,0,6.5,0,6.2,5.9,9.3,95,1013.1
16-nov-2012 12:00,0,0.0,0,7.3,0,6.9,6.4,9.6,93,1012.1
16-nov-2012 13:00,0,0.0,0,8.0,0,7.4,6.6,9.8,91,1011.3
16-nov-2012 14:00,0,0.0,0,7.7,0,7.2,6.5,9.7,92,1010.6
16-nov-2012 15:00,0,0.0,0,8.1,0,7.3,6.4,9.6,89,1009.8
16-nov-2012 16:00,0,0.0,0,8.1,0,7.2,6.1,9.4,87,1009.8
16-nov-2012 17:00,0,0.0,0,7.9,0,6.9,5.7,9.2,86,1009.4
16-nov-2012 18:00,0,0.0,0,7.5,0,6.6,5.4,9.0,86,1009.1
16-nov-2012 19:00,0,0.0,0,7.4,0,6.6,5.6,9.1,88,1008.9
16-nov-2012 20:00,0,0.0,0,7.4,0,6.7,5.8,9.2,89,1008.7
16-nov-2012 21:00,0,0.0,0,6.8,0,6.3,5.7,9.2,93,1008.3
16-nov-2012 22:00,0,0.0,0,6.7,0,6.2,5.6,9.1,92,1008.1
16-nov-2012 23:00,0,0.1,0,6.6,0,6.2,5.7,9.1,93,1007.8
17-nov-2012 00:00,0,0.3,0,6.5,0,6.1,5.7,9.1,94,1007.8
17-nov-2012 01:00,0,0.0,0,6.4,0,6.1,5.7,9.1,94,1007.3
17-nov-2012 02:00,0,0.0,0,6.6,0,6.3,5.9,9.3,95,1007.1
17-nov-2012 03:00,0,0.1,0,6.6,0,6.3,5.8,9.2,94,1007.0
17-nov-2012 04:00,0,0.0,0,6.1,0,5.7,5.2,8.8,94,1007.1
17-nov-2012 05:00,0,0.0,0,5.0,0,4.6,4.1,8.2,94,1007.2
17-nov-2012 06:00,0,0.0,0,4.6,0,4.4,4.1,8.2,96,1007.5
17-nov-2012 07:00,0,0.0,0,4.2,0,4.0,3.5,7.9,95,1007.7
17-nov-2012 08:00,0,0.0,0,3.7,0,3.4,3.1,7.6,95,1007.8
17-nov-2012 09:00,0,0.0,0,3.6,0,3.3,2.8,7.5,94,1008.1
17-nov-2012 10:00,0,0.0,0,5.8,0,4.6,3.0,7.6,82,1008.2
17-nov-2012 11:00,0,0.0,0,6.7,0,5.1,2.9,7.5,76,1008.4
17-nov-2012 12:00,0,0.0,0,7.2,0,5.5,3.2,7.7,75,1008.2
17-nov-2012 13:00,0,0.0,0,7.3,0,5.5,2.9,7.5,73,1008.0
17-nov-2012 14:00,0,0.0,0,7.3,0,5.2,2.3,7.2,70,1007.9
17-nov-2012 15:00,0,0.0,0,7.1,0,4.9,1.7,6.9,68,1007.9
17-nov-2012 16:00,0,0.0,0,6.4,0,4.4,1.6,6.8,71,1008.4
17-nov-2012 17:00,0,0.4,0,3.8,0,3.0,1.7,6.9,85,1008.9
17-nov-2012 18:00,0,0.0,0,3.1,0,2.4,1.4,6.8,88,1009.3
17-nov-2012 19:00,0,0.0,0,3.5,0,2.6,1.3,6.7,85,1009.8
17-nov-2012 20:00,0,0.0,0,3.5,0,2.7,1.4,6.8,86,1010.1
17-nov-2012 21:00,0,0.1,0,3.4,0,2.6,1.2,6.7,85,1010.4
17-nov-2012 22:00,0,0.0,0,3.3,0,2.5,1.1,6.6,85,1010.5
17-nov-2012 23:00,0,0.0,0,3.1,0,2.3,1.0,6.6,86,1010.9
18-nov-2012 00:00,0,0.0,0,2.8,0,2.0,0.7,6.4,86,1011.1
18-nov-2012 01:00,0,0.0,0,2.5,0,1.8,0.5,6.3,86,1011.5
18-nov-2012 02:00,0,0.0,0,1.6,0,1.1,0.1,6.1,89,1011.7
18-nov-2012 03:00,0,0.0,0,0.5,0,0.1,-0.5,5.9,93,1011.8
18-nov-2012 04:00,0,0.0,0,-0.2,0,-0.4,-0.9,5.7,95,1011.9
18-nov-2012 05:00,0,0.0,0,0.0,0,-0.2,-0.6,5.8,95,1011.9
18-nov-2012 06:00,0,0.0,0,0.0,0,-0.1,-0.4,5.9,97,1012.0
18-nov-2012 07:00,0,0.0,0,0.1,0,-0.2,-0.6,5.9,95,1012.2
18-nov-2012 08:00,0,0.0,0,-0.3,0,-0.5,-0.9,5.7,95,1012.5
18-nov-2012 09:00,0,0.0,0,0.1,0,-0.1,-0.5,5.9,95,1012.6
18-nov-2012 10:00,0,0.0,0,2.6,0,2.3,1.9,7.0,95,1012.2
18-nov-2012 11:00,0,0.0,0,5.3,0,4.2,2.5,7.3,82,1012.1
18-nov-2012 12:00,0,0.0,0,7.0,0,4.8,1.5,6.8,68,1011.4
18-nov-2012 13:00,0,0.0,0,7.7,0,4.9,0.8,6.5,61,1010.9
18-nov-2012 14:00,0,0.0,0,7.9,0,5.6,2.3,7.2,67,1010.0
18-nov-2012 15:00,0,0.0,0,7.4,0,5.6,3.2,7.7,74,1009.2
18-nov-2012 16:00,0,0.1,0,7.1,0,5.6,3.6,7.9,78,1008.7
18-nov-2012 17:00,0,0.7,0,6.4,0,5.4,4.2,8.2,85,1007.8
18-nov-2012 18:00,0,0.9,0,6.7,0,5.8,4.6,8.5,86,1006.7
18-nov-2012 19:00,0,0.6,0,6.6,0,5.6,4.4,8.4,86,1005.1
18-nov-2012 20:00,0,0.3,0,7.5,0,6.4,5.0,8.7,84,1003.0
18-nov-2012 21:00,0,0.2,0,9.1,0,7.6,5.8,9.2,79,1001.3
18-nov-2012 22:00,0,0.5,0,9.5,0,8.3,6.9,10.0,83,1000.5
18-nov-2012 23:00,0,0.1,0,10.8,0,8.9,6.7,9.8,76,1000.0
19-nov-2012 00:00,0,0.0,0,11.5,0,9.6,7.6,10.4,77,999.8
19-nov-2012 01:00,0,0.0,0,11.7,0,9.9,8.0,10.7,78,999.0
19-nov-2012 02:00,0,0.0,0,11.9,0,9.9,7.9,10.7,76,998.6
19-nov-2012 03:00,0,0.0,0,11.9,0,9.9,7.9,10.6,76,997.5
19-nov-2012 04:00,0,0.3,0,11.9,0,10.0,8.0,10.7,77,996.5
19-nov-2012 05:00,0,0.7,0,11.6,0,10.1,8.6,11.2,81,995.8
19-nov-2012 06:00,0,0.7,0,11.8,0,10.2,8.6,11.2,81,995.0
19-nov-2012 07:00,0,0.1,0,12.1,0,10.4,8.7,11.3,80,994.8
19-nov-2012 08:00,0,0.0,0,12.6,0,10.6,8.7,11.2,77,994.3
19-nov-2012 09:00,0,0.0,0,12.8,0,11.0,9.3,11.7,79,994.0
19-nov-2012 10:00,0,0.0,0,13.1,0,11.5,10.0,12.3,81,994.1
19-nov-2012 11:00,0,0.0,0,13.9,0,12.0,10.2,12.5,78,994.1
19-nov-2012 12:00,0,0.0,0,14.4,0,12.0,9.8,12.1,74,994.0
19-nov-2012 13:00,0,0.0,0,13.4,0,10.9,8.5,11.1,72,994.4
19-nov-2012 14:00,0,0.0,0,13.3,0,10.9,8.6,11.1,73,995.0
19-nov-2012 15:00,0,0.0,0,12.9,0,10.6,8.4,11.0,73,995.8
19-nov-2012 16:00,0,0.0,0,12.5,0,10.3,8.0,10.8,74,996.9
19-nov-2012 17:00,0,0.0,0,12.2,0,10.0,7.8,10.6,74,997.7
19-nov-2012 18:00,0,0.0,0,11.2,0,9.4,7.4,10.3,77,997.8
19-nov-2012 19:00,0,0.0,0,10.9,0,9.1,7.0,10.0,76,999.4
19-nov-2012 20:00,0,0.0,0,10.3,0,8.6,6.7,9.8,78,999.2
19-nov-2012 21:00,0,0.0,0,10.7,0,9.0,7.2,10.2,79,999.6
19-nov-2012 22:00,0,0.0,0,9.8,0,8.4,6.9,9.9,82,999.4
19-nov-2012 23:00,0,0.0,0,10.6,0,9.1,7.4,10.3,80,999.4
20-nov-2012 00:00,0,0.0,0,9.9,0,8.6,7.1,10.1,82,999.2
20-nov-2012 01:00,0,0.0,0,10.8,0,9.1,7.3,10.2,78,999.1
20-nov-2012 02:00,0,0.0,0,10.9,0,9.2,7.3,10.2,78,998.3
20-nov-2012 03:00,0,0.0,0,11.3,0,9.4,7.4,10.3,76,997.1
20-nov-2012 04:00,0,0.0,0,11.0,0,9.9,8.8,11.3,86,996.4
20-nov-2012 05:00,0,0.0,0,12.1,0,10.1,8.1,10.8,76,995.6
20-nov-2012 06:00,0,0.0,0,12.3,0,10.7,9.1,11.6,80,994.4
20-nov-2012 07:00,0,0.0,0,12.2,0,10.9,9.6,12.0,83,994.0
20-nov-2012 08:00,0,0.0,0,12.6,0,10.9,9.2,11.6,79,993.5
20-nov-2012 09:00,0,0.0,0,12.8,0,11.1,9.4,11.8,79,993.4
20-nov-2012 10:00,0,0.0,0,13.0,0,11.3,9.7,12.1,80,993.8
20-nov-2012 11:00,0,0.0,0,12.5,0,9.8,6.9,10.0,68,994.9
20-nov-2012 12:00,0,0.0,0,12.1,0,9.1,5.8,9.2,65,995.3
20-nov-2012 13:00,0,0.0,0,12.4,0,9.2,5.5,9.0,62,995.6
20-nov-2012 14:00,0,0.0,0,12.1,0,8.7,4.7,8.5,60,996.0
20-nov-2012 15:00,0,0.0,0,11.4,0,7.9,3.6,7.9,58,996.8
20-nov-2012 16:00,0,0.0,0,10.4,0,7.1,2.6,7.4,58,997.7
20-nov-2012 17:00,0,0.0,0,9.5,0,6.4,2.2,7.2,60,998.2
20-nov-2012 18:00,0,0.0,0,9.1,0,6.4,2.8,7.5,65,999.5
20-nov-2012 19:00,0,0.0,0,8.6,0,6.1,2.6,7.4,66,1000.7
20-nov-2012 20:00,0,0.0,0,7.6,0,5.4,2.4,7.2,69,1002.2
20-nov-2012 21:00,0,0.0,0,7.1,0,5.1,2.2,7.2,71,1003.0
20-nov-2012 22:00,0,0.0,0,7.3,0,5.3,2.6,7.4,72,1003.2
20-nov-2012 23:00,0,0.0,0,7.1,0,5.3,2.8,7.4,74,1004.1
21-nov-2012 00:00,0,0.0,0,6.8,0,5.2,2.9,7.5,76,1004.2
21-nov-2012 01:00,0,0.0,0,6.0,0,4.6,2.5,7.3,77,1004.6
21-nov-2012 02:00,0,0.0,0,5.4,0,4.3,2.7,7.4,82,1004.6
21-nov-2012 03:00,0,0.0,0,5.4,0,4.2,2.3,7.2,80,1004.6
21-nov-2012 04:00,0,0.0,0,4.9,0,3.8,2.1,7.1,81,1004.3
21-nov-2012 05:00,0,0.0,0,4.9,0,3.8,2.0,7.1,81,1004.5
21-nov-2012 06:00,0,0.0,0,4.6,0,3.8,2.5,7.3,86,1004.6
21-nov-2012 07:00,0,0.0,0,3.6,0,3.1,2.3,7.2,91,1005.0
21-nov-2012 08:00,0,0.0,0,3.2,0,2.8,2.2,7.2,93,1005.7
21-nov-2012 09:00,0,0.0,0,3.4,0,3.0,2.5,7.3,93,1005.8
21-nov-2012 10:00,0,0.0,0,6.6,0,5.5,4.0,8.1,83,1006.2
21-nov-2012 11:00,0,0.0,0,9.8,0,7.2,3.9,8.1,66,1006.0
21-nov-2012 12:00,0,0.0,0,10.2,0,7.3,3.6,7.9,63,1005.6
21-nov-2012 13:00,0,0.0,0,10.1,0,7.1,3.0,7.6,61,1005.6
21-nov-2012 14:00,0,0.0,0,9.5,0,6.8,3.3,7.8,65,1005.7
21-nov-2012 15:00,0,0.0,0,9.3,0,6.8,3.5,7.8,66,1005.7
21-nov-2012 16:00,0,0.0,0,8.9,0,6.4,3.1,7.6,66,1005.1
21-nov-2012 17:00,0,0.0,0,8.6,0,6.4,3.5,7.8,70,1005.0
21-nov-2012 18:00,0,0.0,0,9.5,0,7.4,4.8,8.6,72,1004.5
21-nov-2012 19:00,0,0.0,0,10.4,0,8.2,5.8,9.2,73,1004.4
21-nov-2012 20:00,0,0.3,0,10.2,0,8.8,7.2,10.2,81,1004.4
21-nov-2012 21:00,0,2.2,0,8.9,0,8.3,7.7,10.5,92,1004.1
21-nov-2012 22:00,0,0.0,0,8.7,0,8.1,7.3,10.2,91,1003.4
21-nov-2012 23:00,0,0.1,0,10.0,0,8.7,7.3,10.2,82,1002.8
22-nov-2012 00:00,0,0.0,0,11.0,0,9.2,7.3,10.3,78,1001.9
22-nov-2012 01:00,0,0.0,0,11.1,0,9.4,7.5,10.4,78,1000.6
22-nov-2012 02:00,0,0.0,0,11.5,0,9.3,6.9,10.0,73,999.5
22-nov-2012 03:00,0,0.0,0,11.6,0,9.5,7.3,10.2,74,997.7
22-nov-2012 04:00,0,0.2,0,11.8,0,9.9,7.9,10.6,76,996.0
22-nov-2012 05:00,0,0.0,0,12.2,0,9.9,7.5,10.4,73,995.0
22-nov-2012 06:00,0,0.0,0,12.0,0,9.9,7.7,10.5,74,995.0
22-nov-2012 07:00,0,0.7,0,10.8,0,9.8,8.7,11.3,87,995.3
22-nov-2012 08:00,0,1.4,0,10.0,0,8.6,7.0,10.0,81,995.0
22-nov-2012 09:00,0,2.3,0,7.8,0,7.1,6.3,9.5,89,996.2
22-nov-2012 10:00,0,1.0,0,7.0,0,5.9,4.6,8.5,85,996.0
22-nov-2012 11:00,0,0.1,0,7.2,0,6.1,4.7,8.5,84,995.3
22-nov-2012 12:00,0,0.0,0,7.0,0,6.0,4.7,8.5,84,994.7
22-nov-2012 13:00,0,0.5,0,6.4,0,5.6,4.6,8.5,88,994.1
22-nov-2012 14:00,0,0.7,0,6.0,0,5.3,4.4,8.4,89,994.0
22-nov-2012 15:00,0,0.1,0,6.3,0,5.4,4.1,8.2,86,993.3
22-nov-2012 16:00,0,0.0,0,6.2,0,4.9,3.2,7.7,80,993.9
22-nov-2012 17:00,0,0.0,0,6.2,0,4.9,3.1,7.6,80,994.1
22-nov-2012 18:00,0,0.0,0,6.4,0,5.1,3.3,7.7,80,994.1
22-nov-2012 19:00,0,0.0,0,7.1,0,5.2,2.6,7.4,73,994.4
22-nov-2012 20:00,0,0.0,0,6.5,0,4.6,2.0,7.1,73,994.9
22-nov-2012 21:00,0,0.0,0,5.8,0,4.5,2.6,7.4,80,996.0
22-nov-2012 22:00,0,0.0,0,5.5,0,4.3,2.6,7.4,81,996.8
22-nov-2012 23:00,0,0.0,0,5.4,0,4.3,2.8,7.4,83,997.8
23-nov-2012 00:00,0,0.0,0,5.6,0,4.3,2.5,7.3,80,999.1
23-nov-2012 01:00,0,0.0,0,5.3,0,4.2,2.4,7.3,81,1000.5
23-nov-2012 02:00,0,0.0,0,5.5,0,4.2,2.5,7.3,81,1001.8
23-nov-2012 03:00,0,0.0,0,5.0,0,3.9,2.3,7.2,82,1002.5
23-nov-2012 04:00,0,0.0,0,5.0,0,3.9,2.3,7.2,82,1003.2
23-nov-2012 05:00,0,0.0,0,4.5,0,3.5,2.0,7.1,84,1003.9
23-nov-2012 06:00,0,0.0,0,4.7,0,3.7,2.1,7.1,83,1004.1
23-nov-2012 07:00,0,0.0,0,3.9,0,3.1,1.9,7.0,86,1004.8
23-nov-2012 08:00,0,0.0,0,4.7,0,3.5,1.8,7.0,81,1005.6
23-nov-2012 09:00,0,0.0,0,5.2,0,3.9,2.0,7.0,79,1006.2
23-nov-2012 10:00,0,0.0,0,5.9,0,4.2,1.6,6.9,73,1006.8
23-nov-2012 11:00,0,0.0,0,6.9,0,4.9,2.1,7.1,71,1007.2
23-nov-2012 12:00,0,0.0,0,7.6,0,5.4,2.2,7.2,68,1007.2
23-nov-2012 13:00,0,0.0,0,7.6,0,5.6,2.7,7.4,71,1007.6
23-nov-2012 14:00,0,0.0,0,7.3,0,5.4,2.6,7.4,71,1007.8
23-nov-2012 15:00,0,0.0,0,7.1,0,5.2,2.5,7.3,72,1008.4
23-nov-2012 16:00,0,0.0,0,6.2,0,4.5,2.0,7.1,74,1009.0
23-nov-2012 17:00,0,0.0,0,5.3,0,3.9,1.9,7.0,78,1009.8
23-nov-2012 18:00,0,0.0,0,3.9,0,3.0,1.5,6.8,84,1010.9
23-nov-2012 19:00,0,0.0,0,3.0,0,2.4,1.4,6.8,89,1011.6
23-nov-2012 20:00,0,0.0,0,2.8,0,2.2,1.3,6.7,89,1012.2
23-nov-2012 21:00,0,0.0,0,2.9,0,2.3,1.4,6.8,89,1012.9
23-nov-2012 22:00,0,0.0,0,1.4,0,1.0,0.4,6.3,93,1013.4
23-nov-2012 23:00,0,0.0,0,0.9,0,0.7,0.4,6.3,96,1013.8
24-nov-2012 00:00,0,0.0,0,0.5,0,0.2,-0.4,5.9,94,1014.4
24-nov-2012 01:00,0,0.0,0,1.5,0,1.1,0.4,6.3,92,1013.9
24-nov-2012 02:00,0,0.0,0,0.7,0,0.3,-0.3,6.0,92,1014.2
24-nov-2012 03:00,0,0.0,0,-0.0,0,-0.3,-0.8,5.8,95,1014.5
24-nov-2012 04:00,0,0.0,0,-0.6,0,-0.8,-1.1,5.6,96,1014.2
24-nov-2012 05:00,0,0.0,0,-0.8,0,-0.9,-1.2,5.6,97,1014.1
24-nov-2012 06:00,0,0.0,0,-0.9,0,-1.1,-1.4,5.5,96,1013.7
24-nov-2012 07:00,0,0.0,0,-1.4,0,-1.5,-1.9,5.3,96,1013.7
24-nov-2012 08:00,0,0.0,0,-0.8,0,-1.0,-1.3,5.6,96,1013.9
24-nov-2012 09:00,0,0.0,0,-0.8,0,-1.0,-1.4,5.5,95,1013.2
24-nov-2012 10:00,0,0.0,0,0.2,0,0.1,-0.3,6.0,96,1012.9
24-nov-2012 11:00,0,0.0,0,1.6,0,1.3,1.0,6.6,95,1012.4
24-nov-2012 12:00,0,0.0,0,3.4,0,3.1,2.7,7.4,95,1011.2
24-nov-2012 13:00,0,0.0,0,3.9,0,3.6,3.1,7.6,93,1010.3
24-nov-2012 14:00,0,0.0,0,4.4,0,4.1,3.6,7.9,94,1008.9
24-nov-2012 15:00,0,0.0,0,4.6,0,4.2,3.7,7.9,93,1007.7
24-nov-2012 16:00,0,0.0,0,4.3,0,3.8,3.2,7.7,92,1007.0
24-nov-2012 17:00,0,0.0,0,4.6,0,4.0,3.1,7.6,90,1005.9
24-nov-2012 18:00,0,0.0,0,4.9,0,4.2,3.2,7.7,89,1005.0
24-nov-2012 19:00,0,0.8,0,5.1,0,4.6,3.9,8.1,92,1004.2
24-nov-2012 20:00,0,0.9,0,4.7,0,4.3,3.7,8.0,93,1003.5
24-nov-2012 21:00,0,1.2,0,4.3,0,3.9,3.4,7.8,93,1002.9
24-nov-2012 22:00,0,1.2,0,4.5,0,4.2,3.8,8.0,95,1002.5
24-nov-2012 23:00,0,1.1,0,4.3,0,4.0,3.4,7.8,93,1001.9
25-nov-2012 00:00,0,0.3,0,4.2,0,3.8,3.1,7.6,92,1001.7
25-nov-2012 01:00,0,0.0,0,4.1,0,3.6,2.9,7.5,91,1001.6
25-nov-2012 02:00,0,0.0,0,3.9,0,3.5,2.7,7.4,92,1001.7
25-nov-2012 03:00,0,0.0,0,3.9,0,3.5,2.8,7.5,92,1002.0
25-nov-2012 04:00,0,0.0,0,2.9,0,2.5,2.0,7.0,93,1002.0
25-nov-2012 05:00,0,0.0,0,1.8,0,1.6,1.3,6.7,96,1002.3
25-nov-2012 06:00,0,0.0,0,1.5,0,1.3,1.0,6.6,96,1002.2
25-nov-2012 07:00,0,0.0,0,1.4,0,1.2,0.9,6.5,96,1002.2
25-nov-2012 08:00,0,0.0,0,0.4,0,0.2,-0.2,6.0,95,1002.7
25-nov-2012 09:00,0,0.0,0,-0.0,0,-0.2,-0.6,5.9,96,1002.8
25-nov-2012 10:00,0,0.0,0,1.7,0,1.4,1.0,6.6,95,1002.6
25-nov-2012 11:00,0,0.0,0,4.1,0,3.4,2.3,7.2,88,1002.4
25-nov-2012 12:00,0,0.0,0,3.9,0,3.2,2.1,7.1,88,1002.2
25-nov-2012 13:00,0,0.0,0,5.2,0,4.3,3.0,7.6,86,1001.3
25-nov-2012 14:00,0,0.0,0,5.9,0,4.8,3.3,7.7,83,1000.8
25-nov-2012 15:00,0,0.2,0,5.2,0,4.5,3.5,7.8,88,1000.1
25-nov-2012 16:00,0,2.0,0,5.1,0,4.7,4.1,8.2,93,1000.0
25-nov-2012 17:00,0,4.6,0,5.1,0,4.2,2.8,7.5,85,1000.0
25-nov-2012 18:00,0,1.4,0,4.8,0,4.2,3.3,7.7,90,999.6
25-nov-2012 19:00,0,0.8,0,5.1,0,4.3,3.2,7.7,87,999.2
25-nov-2012 20:00,0,0.9,0,5.7,0,4.8,3.6,7.9,86,999.0
25-nov-2012 21:00,0,2.8,0,5.6,0,4.6,3.3,7.7,84,999.0
25-nov-2012 22:00,0,3.7,0,5.0,0,4.2,3.2,7.7,88,999.4
25-nov-2012 23:00,0,2.7,0,4.9,0,4.3,3.5,7.9,90,999.7
26-nov-2012 00:00,0,1.9,0,4.9,0,4.4,3.8,8.0,92,1000.0
26-nov-2012 01:00,0,2.0,0,4.9,0,4.4,3.8,8.0,93,1000.5
26-nov-2012 02:00,0,2.8,0,4.8,0,4.3,3.7,8.0,92,1000.7
26-nov-2012 03:00,0,2.1,0,4.8,0,4.4,3.9,8.0,93,1001.2
26-nov-2012 04:00,0,0.7,0,4.9,0,4.4,3.8,8.0,92,1001.7
26-nov-2012 05:00,0,0.3,0,5.1,0,4.4,3.5,7.8,89,1002.3
26-nov-2012 06:00,0,0.0,0,5.1,0,4.2,2.9,7.5,86,1002.8
26-nov-2012 07:00,0,0.0,0,5.1,0,4.2,3.0,7.6,86,1003.6
26-nov-2012 08:00,0,0.0,0,5.2,0,4.1,2.4,7.3,82,1004.4
26-nov-2012 09:00,0,0.2,0,5.1,0,4.2,3.0,7.6,86,1005.4
26-nov-2012 10:00,0,0.0,0,5.6,0,4.4,2.7,7.4,81,1006.3
26-nov-2012 11:00,0,0.0,0,5.7,0,4.5,2.8,7.5,81,1007.0
26-nov-2012 12:00,0,0.0,0,6.8,0,5.2,3.0,7.6,77,1007.4
26-nov-2012 13:00,0,0.0,0,6.5,0,4.9,2.5,7.3,75,1007.6
26-nov-2012 14:00,0,0.0,0,7.6,0,5.4,2.4,7.3,69,1007.8
26-nov-2012 15:00,0,0.0,0,7.1,0,5.0,2.1,7.1,70,1008.5
26-nov-2012 16:00,0,0.1,0,6.4,0,4.7,2.3,7.2,75,1009.2
26-nov-2012 17:00,0,0.0,0,6.6,0,5.2,3.3,7.7,79,1009.8
26-nov-2012 18:00,0,0.0,0,6.6,0,5.2,3.2,7.7,79,1010.4
26-nov-2012 19:00,0,0.0,0,5.9,0,4.6,2.6,7.4,79,1011.0
26-nov-2012 20:00,0,0.0,0,5.2,0,3.9,2.1,7.1,80,1011.3
26-nov-2012 21:00,0,0.0,0,4.7,0,3.5,1.7,6.9,80,1011.6
26-nov-2012 22:00,0,0.0,0,4.6,0,3.5,1.8,6.9,81,1011.8
26-nov-2012 23:00,0,0.0,0,4.3,0,3.2,1.4,6.8,81,1012.1
27-nov-2012 00:00,0,0.0,0,4.4,0,3.1,0.9,6.5,77,1011.8
27-nov-2012 01:00,0,0.0,0,3.9,0,2.6,0.4,6.3,78,1011.8
27-nov-2012 02:00,0,0.0,0,3.9,0,2.5,0.2,6.2,77,1011.7
27-nov-2012 03:00,0,0.0,0,3.5,0,2.3,0.1,6.2,78,1011.9
27-nov-2012 04:00,0,0.0,0,3.1,0,1.9,-0.1,6.1,79,1012.3
27-nov-2012 05:00,0,0.0,0,3.3,0,2.0,-0.1,6.1,78,1012.5
27-nov-2012 06:00,0,0.0,0,3.6,0,2.4,0.4,6.3,79,1013.0
27-nov-2012 07:00,0,0.0,0,3.9,0,2.7,0.7,6.4,79,1013.7
27-nov-2012 08:00,0,0.0,0,3.6,0,2.4,0.5,6.3,80,1014.2
27-nov-2012 09:00,0,0.0,0,3.7,0,2.4,0.3,6.2,78,1015.2
27-nov-2012 10:00,0,0.0,0,4.9,0,3.3,0.9,6.5,75,1016.0
27-nov-2012 11:00,0,0.0,0,5.4,0,3.7,0.9,6.5,73,1016.5
27-nov-2012 12:00,0,0.0,0,6.4,0,4.3,1.0,6.6,68,1016.6
27-nov-2012 13:00,0,0.0,0,6.7,0,4.3,0.6,6.4,64,1016.7
27-nov-2012 14:00,0,0.0,0,6.6,0,4.2,0.5,6.3,65,1017.0
27-nov-2012 15:00,0,0.0,0,6.3,0,4.0,0.5,6.3,66,1017.4
27-nov-2012 16:00,0,0.0,0,5.3,0,3.4,0.4,6.3,70,1018.0
27-nov-2012 17:00,0,0.0,0,3.5,0,2.3,0.4,6.3,79,1018.6
27-nov-2012 18:00,0,0.0,0,3.1,0,2.1,0.3,6.3,81,1019.2
27-nov-2012 19:00,0,0.0,0,2.2,0,1.4,0.1,6.2,85,1019.6
27-nov-2012 20:00,0,0.0,0,1.9,0,1.3,0.2,6.2,88,1020.1
27-nov-2012 21:00,0,0.0,0,1.7,0,1.3,0.5,6.3,91,1020.2
27-nov-2012 22:00,0,0.0,0,1.0,0,0.7,0.1,6.2,93,1020.4
27-nov-2012 23:00,0,0.0,0,1.4,0,1.1,0.4,6.3,93,1020.5
28-nov-2012 00:00,0,0.0,0,1.5,0,1.0,0.2,6.2,91,1020.5
28-nov-2012 01:00,0,0.0,0,1.1,0,0.7,0.0,6.1,92,1020.5
28-nov-2012 02:00,0,0.0,0,0.5,0,0.2,-0.4,5.9,93,1020.5
28-nov-2012 03:00,0,0.0,0,0.2,0,-0.1,-0.6,5.8,94,1020.7
28-nov-2012 04:00,0,0.0,0,-0.1,0,-0.3,-0.7,5.8,95,1020.9
28-nov-2012 05:00,0,0.0,0,-0.4,0,-0.6,-1.0,5.7,95,1020.9
28-nov-2012 06:00,0,0.0,0,-0.4,0,-0.6,-1.0,5.7,96,1021.0
28-nov-2012 07:00,0,0.0,0,-0.2,0,-0.4,-0.9,5.7,95,1021.3
28-nov-2012 08:00,0,0.0,0,-0.4,0,-0.6,-1.0,5.7,95,1021.7
28-nov-2012 09:00,0,0.0,0,-0.7,0,-0.9,-1.3,5.6,95,1021.9
28-nov-2012 10:00,0,0.0,0,0.6,0,0.4,-0.0,6.1,95,1022.2
28-nov-2012 11:00,-1, ,4, ,4, , , , , 
28-nov-2012 12:00,-1, ,4, ,4, , , , , 
28-nov-2012 13:00,-1, ,0,5.3,4, , , , ,1021.8
28-nov-2012 14:00,0,0.0,0,5.2,4, , , , ,1021.6
28-nov-2012 15:00,0,0.0,0,5.2,0,3.9,1.9,7.0,79,1021.5
28-nov-2012 16:00,0,0.0,0,4.3,0,3.3,1.7,6.9,83,1021.4
28-nov-2012 17:00,0,0.0,0,2.7,0,2.0,0.9,6.5,87,1021.4
28-nov-2012 18:00,0,0.0,0,1.8,0,1.4,0.7,6.4,91,1021.6
28-nov-2012 19:00,0,0.0,0,1.7,0,1.2,0.4,6.3,91,1021.6
28-nov-2012 20:00,0,0.0,0,0.8,0,0.3,-0.4,5.9,92,1021.6
28-nov-2012 21:00,0,0.0,0,0.7,0,0.4,-0.2,6.0,93,1021.7
28-nov-2012 22:00,0,0.0,0,0.5,0,0.2,-0.4,5.9,94,1021.5
28-nov-2012 23:00,0,0.0,0,0.5,0,0.2,-0.4,5.9,93,1021.4
29-nov-2012 00:00,0,0.0,0,0.6,0,0.3,-0.3,6.0,93,1020.8
29-nov-2012 01:00,0,0.0,0,-0.3,0,-0.5,-0.9,5.7,95,1020.4
29-nov-2012 02:00,0,0.0,0,-0.3,0,-0.5,-0.9,5.7,95,1019.8
29-nov-2012 03:00,0,0.0,0,-0.2,0,-0.4,-0.9,5.7,95,1019.7
29-nov-2012 04:00,0,0.0,0,-0.1,0,-0.3,-0.8,5.8,94,1019.2
29-nov-2012 05:00,0,0.0,0,-0.2,0,-0.5,-0.9,5.7,95,1018.9
29-nov-2012 06:00,0,0.0,0,0.0,0,-0.1,-0.4,5.9,96,1018.6
29-nov-2012 07:00,0,0.0,0,0.2,0,0.0,-0.4,5.9,95,1018.1
29-nov-2012 08:00,0,0.0,0,-0.4,0,-0.6,-0.9,5.7,96,1017.6
29-nov-2012 09:00,0,0.0,0,0.6,0,0.4,0.1,6.2,96,1017.3
29-nov-2012 10:00,0,0.0,0,1.4,0,1.2,0.7,6.4,94,1016.7
29-nov-2012 11:00,0,0.0,0,2.6,0,2.0,1.0,6.6,89,1016.6
29-nov-2012 12:00,0,0.0,0,4.0,0,3.1,1.5,6.8,83,1015.8
29-nov-2012 13:00,-1, ,0,4.2,0,3.3,2.1,7.1,86,1014.8
29-nov-2012 14:00,0,0.0,0,4.4,0,3.5,2.2,7.2,85,1014.2
29-nov-2012 15:00,0,0.0,0,3.8,0,3.2,2.1,7.1,88,1013.8
29-nov-2012 16:00,0,0.0,0,3.2,0,2.7,1.9,7.0,90,1013.4
29-nov-2012 17:00,0,0.0,0,2.7,0,2.3,1.6,6.9,92,1013.3
29-nov-2012 18:00,0,0.0,0,2.5,0,2.2,1.6,6.9,93,1012.9
29-nov-2012 19:00,0,0.0,0,1.9,0,1.6,1.3,6.7,95,1012.9
29-nov-2012 20:00,0,0.0,0,1.5,0,1.4,1.1,6.6,97,1012.5
29-nov-2012 21:00,0,0.0,0,1.5,0,1.3,1.0,6.5,96,1012.6
29-nov-2012 22:00,0,0.0,0,1.0,0,0.9,0.6,6.4,97,1012.5
29-nov-2012 23:00,0,0.0,0,0.7,0,0.5,0.3,6.2,97,1012.2
30-nov-2012 00:00,0,0.0,0,0.7,0,0.5,0.1,6.2,95,1012.2
30-nov-2012 01:00,0,0.0,0,-0.0,0,-0.3,-0.7,5.8,95,1012.1
30-nov-2012 02:00,0,0.0,0,-0.6,0,-0.8,-1.2,5.6,95,1011.8
30-nov-2012 03:00,0,0.0,0,0.1,0,-0.1,-0.4,5.9,95,1011.3
30-nov-2012 04:00,0,0.0,0,0.2,0,0.0,-0.4,5.9,95,1011.0
30-nov-2012 05:00,0,0.0,0,0.2,0,0.0,-0.3,6.0,96,1011.0
30-nov-2012 06:00,0,0.0,0,0.6,0,0.4,-0.0,6.1,95,1010.8
30-nov-2012 07:00,0,0.0,0,-0.1,0,-0.3,-0.7,5.8,95,1010.7
30-nov-2012 08:00,0,0.0,0,-0.9,0,-1.1,-1.5,5.5,95,1011.1
30-nov-2012 09:00,0,0.0,0,0.2,0,0.1,-0.3,6.0,96,1011.3
30-nov-2012 10:00,0,0.0,0,0.9,0,0.7,0.3,6.2,95,1011.6
30-nov-2012 11:00,0,0.0,0,2.4,0,2.0,1.3,6.7,92,1012.0
30-nov-2012 12:00,0,0.0,0,5.8,0,3.9,1.1,6.6,71,1011.7
30-nov-2012 13:00,0,0.0,0,7.5,0,4.8,0.6,6.4,61,1011.9
30-nov-2012 14:00,0,0.0,0,7.5,0,5.1,1.5,6.8,65,1012.0
30-nov-2012 15:00,0,0.0,0,6.5,0,4.9,2.5,7.3,75,1012.6
30-nov-2012 16:00,0,0.0,0,6.4,0,4.9,2.8,7.5,77,1013.2
30-nov-2012 17:00,0,0.0,0,5.1,0,4.0,2.4,7.3,82,1013.7
30-nov-2012 18:00,0,0.0,0,3.9,0,3.1,1.9,7.0,87,1014.5
30-nov-2012 19:00,0,0.0,0,1.6,0,1.1,0.3,6.2,91,1015.0
30-nov-2012 20:00,0,0.0,0,1.3,0,1.1,0.8,6.5,96,1015.0
30-nov-2012 21:00,0,0.0,0,0.4,0,0.2,-0.1,6.1,96,1016.0
30-nov-2012 22:00,0,0.0,0,0.6,0,0.3,0.0,6.1,96,1016.5
30-nov-2012 23:00,0,0.0,0,1.1,0,0.9,0.5,6.3,95,1016.7
01-jan-2013 00:00,0,0.0,0,3.1,0,2.4,1.4,6.8,88,1000.2
01-jan-2013 01:00,0,0.0,0,3.3,0,2.5,1.2,6.6,85,1000.8
01-jan-2013 02:00,0,0.0,0,2.9,0,2.2,1.2,6.7,88,1001.2
01-jan-2013 03:00,0,0.0,0,2.7,0,2.1,1.1,6.6,89,1001.8
01-jan-2013 04:00,0,0.1,0,2.5,0,1.9,1.0,6.6,90,1002.5
01-jan-2013 05:00,0,0.0,0,2.4,0,1.8,0.8,6.5,89,1003.1
01-jan-2013 06:00,0,0.0,0,2.0,0,1.5,0.6,6.4,89,1004.0
01-jan-2013 07:00,0,0.0,0,1.9,0,1.3,0.4,6.3,90,1004.8
01-jan-2013 08:00,0,0.0,0,2.0,0,1.4,0.5,6.3,89,1005.9
01-jan-2013 09:00,0,0.0,0,2.0,0,1.4,0.4,6.3,89,1007.1
01-jan-2013 10:00,0,0.0,0,2.7,0,2.0,0.7,6.4,86,1008.2
01-jan-2013 11:00,0,0.0,0,3.6,0,2.7,1.2,6.7,84,1009.0
01-jan-2013 12:00,0,0.0,0,4.8,0,3.6,1.8,7.0,80,1009.8
01-jan-2013 13:00,0,0.0,0,5.5,0,4.1,2.1,7.1,79,1010.0
01-jan-2013 14:00,0,0.0,0,5.8,0,4.5,2.6,7.4,80,1010.6
01-jan-2013 15:00,0,0.0,0,6.0,0,4.7,2.7,7.4,79,1011.5
01-jan-2013 16:00,0,0.0,0,6.1,0,4.7,2.7,7.4,78,1012.9
01-jan-2013 17:00,0,0.0,0,5.6,0,4.4,2.6,7.4,80,1013.7
01-jan-2013 18:00,0,0.0,0,5.4,0,4.3,2.7,7.4,83,1014.7
01-jan-2013 19:00,0,0.0,0,4.3,0,3.5,2.2,7.2,86,1016.2
01-jan-2013 20:00,0,0.0,0,4.8,0,3.9,2.6,7.4,85,1017.1
01-jan-2013 21:00,0,0.0,0,5.1,0,4.1,2.6,7.4,83,1017.5
01-jan-2013 22:00,0,0.0,0,5.5,0,4.3,2.7,7.4,82,1018.3
01-jan-2013 23:00,0,0.0,0,5.8,0,4.6,3.0,7.6,82,1018.7
02-jan-2013 00:00,0,0.0,0,5.7,0,4.7,3.3,7.7,84,1019.0
02-jan-2013 01:00,0,0.0,0,6.1,0,5.2,4.0,8.1,86,1018.7
02-jan-2013 02:00,0,0.0,0,6.7,0,5.8,4.6,8.5,86,1018.7
02-jan-2013 03:00,0,0.0,0,7.3,0,6.4,5.3,8.9,87,1018.8
02-jan-2013 04:00,0,0.0,0,7.9,0,7.2,6.3,9.5,89,1018.4
02-jan-2013 05:00,0,0.0,0,8.4,0,7.6,6.8,9.9,89,1018.3
02-jan-2013 06:00,0,0.0,0,8.7,0,8.0,7.2,10.2,90,1018.2
02-jan-2013 07:00,0,0.0,0,9.2,0,8.6,7.9,10.6,91,1017.9
02-jan-2013 08:00,0,0.0,0,9.8,0,9.1,8.3,11.0,90,1018.3
02-jan-2013 09:00,0,0.0,0,10.0,0,9.4,8.7,11.2,91,1019.1
02-jan-2013 10:00,0,0.0,0,10.5,0,9.9,9.3,11.7,92,1019.4
02-jan-2013 11:00,0,0.0,0,11.2,0,10.4,9.6,12.0,90,1019.8
02-jan-2013 12:00,0,0.0,0,11.2,0,10.6,10.0,12.3,92,1020.6
02-jan-2013 13:00,0,0.0,0,11.3,0,10.7,10.2,12.4,93,1020.7
02-jan-2013 14:00,0,0.0,0,11.9,0,10.9,10.0,12.3,88,1020.5
02-jan-2013 15:00,0,0.0,0,12.2,0,11.1,10.1,12.3,87,1020.8
02-jan-2013 16:00,0,0.0,0,11.9,0,10.9,9.9,12.2,87,1022.1
02-jan-2013 17:00,0,0.0,0,11.7,0,10.8,9.8,12.1,88,1022.5
02-jan-2013 18:00,0,0.0,0,11.8,0,10.8,9.8,12.1,87,1023.0
02-jan-2013 19:00,0,0.0,0,11.8,0,10.9,10.0,12.3,88,1023.4
02-jan-2013 20:00,0,0.0,0,11.6,0,10.6,9.6,12.0,87,1023.4
02-jan-2013 21:00,0,0.0,0,11.5,0,10.5,9.6,12.0,88,1024.0
02-jan-2013 22:00,0,0.0,0,11.4,0,10.5,9.6,12.0,88,1024.5
02-jan-2013 23:00,0,0.0,0,11.6,0,10.6,9.6,12.0,88,1025.2
03-jan-2013 00:00,0,0.0,0,11.5,0,10.5,9.6,11.9,88,1025.8
03-jan-2013 01:00,0,0.0,0,11.3,0,10.4,9.6,11.9,89,1025.8
03-jan-2013 02:00,0,0.0,0,11.3,0,10.5,9.6,12.0,89,1026.6
03-jan-2013 03:00,0,0.0,0,11.3,0,10.5,9.8,12.1,90,1027.2
03-jan-2013 04:00,0,0.0,0,11.3,0,10.6,10.0,12.2,91,1027.7
03-jan-2013 05:00,0,0.0,0,11.2,0,10.6,9.9,12.2,91,1027.8
03-jan-2013 06:00,0,0.0,0,11.1,0,10.6,10.0,12.3,92,1028.1
03-jan-2013 07:00,0,0.0,0,11.2,0,10.5,9.8,12.1,91,1028.9
03-jan-2013 08:00,0,0.0,0,11.3,0,10.6,9.8,12.1,90,1029.6
03-jan-2013 09:00,0,0.0,0,11.1,0,10.7,10.2,12.4,93,1030.1
03-jan-2013 10:00,0,0.0,0,11.6,0,10.8,10.1,12.3,90,1030.1
03-jan-2013 11:00,0,0.0,0,12.4,0,11.1,9.9,12.2,85,1030.0
03-jan-2013 12:00,0,0.0,0,12.8,0,11.3,9.8,12.1,81,1030.2
03-jan-2013 13:00,0,0.0,0,12.6,0,11.2,9.8,12.1,83,1030.2
03-jan-2013 14:00,0,0.0,0,12.6,0,11.1,9.8,12.1,83,1030.3
03-jan-2013 15:00,0,0.0,0,12.0,0,10.7,9.4,11.8,84,1030.4
03-jan-2013 16:00,0,0.0,0,11.5,0,10.4,9.3,11.7,86,1031.4
03-jan-2013 17:00,0,0.0,0,11.7,0,10.5,9.4,11.8,86,1032.3
03-jan-2013 18:00,0,0.0,0,11.4,0,10.3,9.2,11.7,86,1032.4
03-jan-2013 19:00,0,0.0,0,11.4,0,10.3,9.2,11.6,86,1033.0
03-jan-2013 20:00,0,0.0,0,10.7,0,9.6,8.5,11.1,86,1033.1
03-jan-2013 21:00,0,0.0,0,11.1,0,9.8,8.4,11.0,83,1033.5
03-jan-2013 22:00,0,0.0,0,11.0,0,9.7,8.3,10.9,83,1033.7
03-jan-2013 23:00,0,0.0,0,10.8,0,9.5,8.2,10.9,83,1033.9
04-jan-2013 00:00,0,0.0,0,10.5,0,9.4,8.2,10.8,85,1034.3
04-jan-2013 01:00,0,0.0,0,10.5,0,9.4,8.1,10.8,85,1034.4
04-jan-2013 02:00,0,0.0,0,10.6,0,9.4,8.1,10.8,85,1034.6
04-jan-2013 03:00,0,0.0,0,10.3,0,9.3,8.2,10.9,86,1034.9
04-jan-2013 04:00,0,0.0,0,10.3,0,9.0,7.5,10.4,82,1034.8
04-jan-2013 05:00,0,0.0,0,9.9,0,8.4,6.6,9.7,79,1034.6
04-jan-2013 06:00,0,0.0,0,7.9,0,7.0,5.9,9.3,87,1034.6
04-jan-2013 07:00,0,0.0,0,8.2,0,7.1,5.7,9.1,83,1034.7
04-jan-2013 08:00,0,0.0,0,9.1,0,7.8,6.4,9.6,83,1034.8
04-jan-2013 09:00,0,0.0,0,9.2,0,8.0,6.6,9.8,84,1035.0
04-jan-2013 10:00,0,0.0,0,9.8,0,8.5,7.0,10.0,83,1035.2
04-jan-2013 11:00,0,0.0,0,10.7,0,8.8,6.6,9.8,76,1035.1
04-jan-2013 12:00,0,0.0,0,10.2,0,8.6,6.8,9.9,79,1035.0
04-jan-2013 13:00,0,0.0,0,10.5,0,8.8,7.0,10.0,78,1034.8
04-jan-2013 14:00,0,0.0,0,10.5,0,8.8,6.9,9.9,78,1034.6
04-jan-2013 15:00,0,0.0,0,10.2,0,8.7,7.1,10.1,81,1034.2
04-jan-2013 16:00,0,0.0,0,10.4,0,8.9,7.2,10.1,80,1033.7
04-jan-2013 17:00,0,0.0,0,10.6,0,8.9,7.0,10.0,78,1032.9
04-jan-2013 18:00,0,0.0,0,10.3,0,8.7,6.8,9.9,78,1032.3
04-jan-2013 19:00,0,0.0,0,9.3,0,7.9,6.2,9.5,80,1032.6
04-jan-2013 20:00,0,0.0,0,7.1,0,6.3,5.2,8.9,87,1032.4
04-jan-2013 21:00,0,0.0,0,7.0,0,6.2,5.2,8.8,88,1032.0
04-jan-2013 22:00,0,0.0,0,5.7,0,5.2,4.6,8.5,92,1031.8
04-jan-2013 23:00,0,0.0,0,5.5,0,5.0,4.4,8.4,92,1031.5
05-jan-2013 00:00,0,0.0,0,5.0,0,4.6,3.9,8.1,93,1031.6
05-jan-2013 01:00,0,0.0,0,4.4,0,4.1,3.5,7.9,93,1031.1
05-jan-2013 02:00,0,0.0,0,4.6,0,4.2,3.6,7.9,93,1031.4
05-jan-2013 03:00,0,0.0,0,4.9,0,4.5,4.0,8.1,94,1031.1
05-jan-2013 04:00,0,0.0,0,8.0,0,7.3,6.4,9.6,89,1030.8
05-jan-2013 05:00,0,0.0,0,8.8,0,7.3,5.6,9.1,80,1030.6
05-jan-2013 06:00,0,0.0,0,9.0,0,7.4,5.5,9.0,78,1030.5
05-jan-2013 07:00,0,0.0,0,9.5,0,7.8,5.8,9.2,77,1030.3
05-jan-2013 08:00,0,0.0,0,10.2,0,8.4,6.3,9.5,76,1030.0
05-jan-2013 09:00,0,0.0,0,10.3,0,8.6,6.8,9.9,79,1030.0
05-jan-2013 10:00,0,0.0,0,10.6,0,8.9,7.0,10.0,78,1030.1
05-jan-2013 11:00,0,0.0,0,11.2,0,9.3,7.2,10.1,76,1030.0
05-jan-2013 12:00,0,0.0,0,11.2,0,9.5,7.6,10.4,78,1029.7
05-jan-2013 13:00,0,0.0,0,11.3,0,9.6,7.8,10.6,79,1028.5
05-jan-2013 14:00,0,0.0,0,11.3,0,9.5,7.5,10.4,77,1028.5
05-jan-2013 15:00,0,0.0,0,11.6,0,9.7,7.7,10.5,76,1028.4
05-jan-2013 16:00,0,0.0,0,11.6,0,9.9,8.2,10.8,79,1028.5
05-jan-2013 17:00,0,0.0,0,11.7,0,10.1,8.6,11.2,81,1029.2
05-jan-2013 18:00,0,0.0,0,11.4,0,10.1,8.8,11.3,84,1029.3
05-jan-2013 19:00,0,0.0,0,10.8,0,9.7,8.5,11.1,85,1030.2
05-jan-2013 20:00,0,0.0,0,10.2,0,9.3,8.4,11.0,88,1030.8
05-jan-2013 21:00,0,0.0,0,9.4,0,8.6,7.7,10.5,89,1030.2
05-jan-2013 22:00,0,0.0,0,9.4,0,8.7,8.0,10.7,91,1030.7
05-jan-2013 23:00,0,0.0,0,8.6,0,7.9,7.2,10.1,91,1030.9
06-jan-2013 00:00,0,0.0,0,7.3,0,6.8,6.2,9.5,93,1031.5
06-jan-2013 01:00,0,0.0,0,6.0,0,5.5,4.9,8.6,92,1030.9
06-jan-2013 02:00,0,0.0,0,4.8,0,4.4,3.7,8.0,92,1030.2
06-jan-2013 03:00,0,0.0,0,5.2,0,4.9,4.5,8.4,95,1030.1
06-jan-2013 04:00,0,0.0,0,5.0,0,4.7,4.2,8.3,94,1029.9
06-jan-2013 05:00,0,0.0,0,5.4,0,5.0,4.4,8.4,93,1028.6
06-jan-2013 06:00,0,0.0,0,7.0,0,6.5,5.9,9.3,92,1028.3
06-jan-2013 07:00,0,0.0,0,8.6,0,8.1,7.4,10.3,92,1027.9
06-jan-2013 08:00,0,0.0,0,10.0,0,9.0,8.0,10.7,87,1028.0
06-jan-2013 09:00,0,0.0,0,8.9,0,8.0,6.8,9.9,86,1028.0
06-jan-2013 10:00,0,0.0,0,9.4,0,8.0,6.3,9.6,81,1027.3
06-jan-2013 11:00,0,0.0,0,9.5,0,7.8,5.8,9.2,77,1027.0
06-jan-2013 12:00,0,0.0,0,10.0,0,7.8,5.2,8.9,72,1026.6
06-jan-2013 13:00,0,0.0,0,11.0,0,7.7,3.6,7.9,60,1025.7
06-jan-2013 14:00,0,0.0,0,10.7,0,8.4,5.6,9.1,70,1025.2
06-jan-2013 15:00,0,0.0,0,11.2,0,9.0,6.6,9.7,73,1024.8
06-jan-2013 16:00,0,0.0,0,11.0,0,9.1,7.0,10.0,76,1024.4
06-jan-2013 17:00,0,0.0,0,10.6,0,8.8,6.9,9.9,77,1024.3
06-jan-2013 18:00,0,0.0,0,10.4,0,8.8,6.9,9.9,78,1024.1
06-jan-2013 19:00,0,0.0,0,10.4,0,8.8,7.1,10.1,79,1024.1
06-jan-2013 20:00,0,0.0,0,10.8,0,9.0,7.1,10.1,78,1023.9
06-jan-2013 21:00,0,0.0,0,10.5,0,9.0,7.4,10.3,81,1024.0
06-jan-2013 22:00,0,0.1,0,10.2,0,8.7,7.0,10.0,80,1023.8
06-jan-2013 23:00,0,0.0,0,9.9,0,8.4,6.6,9.7,79,1023.6
07-jan-2013 00:00,0,0.0,0,10.4,0,8.6,6.5,9.7,77,1023.2
07-jan-2013 01:00,0,0.0,0,10.5,0,8.6,6.5,9.7,76,1022.8
07-jan-2013 02:00,0,0.1,0,10.1,0,8.6,7.0,10.0,81,1022.7
07-jan-2013 03:00,0,0.5,0,9.2,0,8.3,7.3,10.2,87,1022.0
07-jan-2013 04:00,0,0.1,0,8.8,0,8.1,7.3,10.2,90,1021.4
07-jan-2013 05:00,0,0.0,0,8.8,0,8.0,7.1,10.1,89,1020.5
07-jan-2013 06:00,0,0.1,0,8.7,0,8.0,7.3,10.2,90,1020.0
07-jan-2013 07:00,0,0.0,0,8.7,0,8.1,7.4,10.3,91,1019.3
07-jan-2013 08:00,0,0.1,0,9.3,0,8.7,8.1,10.8,92,1019.2
07-jan-2013 09:00,0,0.3,0,10.7,0,9.7,8.6,11.2,87,1018.9
07-jan-2013 10:00,0,0.0,0,11.1,0,9.9,8.8,11.3,85,1018.9
07-jan-2013 11:00,0,0.1,0,11.2,0,10.0,8.8,11.3,84,1018.6
07-jan-2013 12:00,0,0.1,0,11.5,0,10.3,9.0,11.5,84,1018.2
07-jan-2013 13:00,0,0.0,0,12.0,0,10.5,9.0,11.5,82,1017.9
07-jan-2013 14:00,0,0.1,0,11.5,0,10.3,9.0,11.5,84,1017.7
07-jan-2013 15:00,0,0.0,0,11.6,0,10.2,8.9,11.4,83,1017.6
07-jan-2013 16:00,0,0.2,0,11.5,0,10.2,9.0,11.5,84,1017.3
07-jan-2013 17:00,0,0.0,0,11.6,0,10.3,9.0,11.5,84,1017.3
07-jan-2013 18:00,0,0.0,0,11.6,0,10.3,9.0,11.5,84,1017.3
07-jan-2013 19:00,0,0.0,0,11.6,0,10.3,9.0,11.5,83,1017.4
07-jan-2013 20:00,0,0.0,0,11.5,0,10.3,9.0,11.5,84,1017.5
07-jan-2013 21:00,0,0.0,0,11.7,0,10.3,8.9,11.4,82,1017.4
07-jan-2013 22:00,0,0.0,0,11.5,0,10.2,8.9,11.4,84,1017.0
07-jan-2013 23:00,0,0.0,0,11.4,0,10.1,8.8,11.3,84,1016.8
08-jan-2013 00:00,0,0.0,0,11.5,0,10.1,8.6,11.2,82,1017.0
08-jan-2013 01:00,0,0.0,0,12.0,0,10.5,9.1,11.5,82,1016.6
08-jan-2013 02:00,0,0.0,0,12.1,0,10.7,9.4,11.8,83,1016.7
08-jan-2013 03:00,0,0.0,0,12.1,0,10.7,9.4,11.8,83,1016.7
08-jan-2013 04:00,0,0.0,0,11.9,0,10.6,9.3,11.7,84,1016.1
08-jan-2013 05:00,0,0.0,0,11.9,0,10.6,9.3,11.7,84,1016.4
08-jan-2013 06:00,0,0.0,0,12.2,0,10.9,9.5,11.9,83,1016.8
08-jan-2013 07:00,0,0.0,0,11.9,0,10.8,9.7,12.0,86,1017.2
08-jan-2013 08:00,0,0.3,0,11.2,0,10.4,9.7,12.0,90,1018.4
08-jan-2013 09:00,0,0.4,0,9.6,0,8.8,7.8,10.6,88,1019.8
08-jan-2013 10:00,0,0.3,0,9.2,0,8.2,7.2,10.1,87,1020.9
08-jan-2013 11:00,0,0.0,0,9.0,0,7.9,6.6,9.8,85,1021.4
08-jan-2013 12:00,0,0.0,0,9.1,0,7.9,6.4,9.6,83,1021.9
08-jan-2013 13:00,0,0.0,0,9.2,0,7.7,6.0,9.4,80,1022.2
08-jan-2013 14:00,0,0.0,0,8.8,0,7.4,5.7,9.2,80,1022.2
08-jan-2013 15:00,0,0.0,0,8.3,0,6.8,4.9,8.6,79,1022.5
08-jan-2013 16:00,0,0.0,0,7.6,0,6.3,4.6,8.5,81,1023.1
08-jan-2013 17:00,0,0.0,0,6.2,0,5.2,3.9,8.0,84,1023.6
08-jan-2013 18:00,0,0.0,0,4.8,0,4.1,3.1,7.7,88,1024.0
08-jan-2013 19:00,0,0.0,0,4.3,0,3.7,2.9,7.5,91,1024.5
08-jan-2013 20:00,0,0.0,0,4.7,0,4.1,3.3,7.7,90,1024.7
08-jan-2013 21:00,0,0.0,0,3.8,0,3.3,2.5,7.3,91,1025.0
08-jan-2013 22:00,0,0.0,0,2.6,0,2.2,1.4,6.8,91,1025.2
08-jan-2013 23:00,0,0.0,0,2.3,0,1.9,1.3,6.7,93,1025.4
09-jan-2013 00:00,0,0.0,0,1.2,0,0.9,0.2,6.2,92,1025.0
09-jan-2013 01:00,0,0.0,0,0.8,0,0.4,-0.2,6.0,93,1024.5
09-jan-2013 02:00,0,0.0,0,0.3,0,0.0,-0.5,5.9,94,1024.5
09-jan-2013 03:00,0,0.0,0,0.6,0,0.3,-0.2,6.0,94,1024.4
09-jan-2013 04:00,0,0.0,0,0.2,0,-0.0,-0.5,5.9,94,1024.3
09-jan-2013 05:00,0,0.0,0,-0.6,0,-0.9,-1.5,5.5,93,1024.2
09-jan-2013 06:00,0,0.0,0,-1.1,0,-1.4,-2.0,5.3,93,1023.9
09-jan-2013 07:00,0,0.0,0,-1.3,0,-1.5,-2.1,5.2,94,1023.9
09-jan-2013 08:00,0,0.0,0,-1.6,0,-1.9,-2.5,5.1,93,1024.3
09-jan-2013 09:00,0,0.0,0,-1.7,0,-2.0,-2.6,5.0,93,1024.4
09-jan-2013 10:00,0,0.0,0,-1.0,0,-1.3,-1.8,5.4,94,1024.0
09-jan-2013 11:00,0,0.0,0,1.4,0,1.1,0.6,6.4,94,1023.6
09-jan-2013 12:00,0,0.0,0,3.6,0,2.9,1.7,6.9,87,1022.9
09-jan-2013 13:00,0,0.0,0,5.1,0,3.9,2.3,7.2,82,1022.2
09-jan-2013 14:00,0,0.0,0,5.3,0,3.7,1.3,6.7,75,1021.7
09-jan-2013 15:00,0,0.0,0,5.2,0,3.7,1.4,6.8,76,1021.2
09-jan-2013 16:00,0,0.0,0,3.9,0,2.9,1.4,6.7,83,1021.3
09-jan-2013 17:00,0,0.0,0,2.0,0,1.4,0.3,6.3,88,1021.2
09-jan-2013 18:00,0,0.0,0,1.4,0,0.9,-0.1,6.1,89,1021.0
09-jan-2013 19:00,0,0.0,0,1.0,0,0.7,0.1,6.1,93,1020.8
09-jan-2013 20:00,0,0.0,0,-0.6,0,-1.0,-1.8,5.4,91,1020.4
09-jan-2013 21:00,0,0.0,0,-0.4,0,-0.7,-1.3,5.6,93,1019.7
09-jan-2013 22:00,0,0.0,0,0.1,0,-0.2,-0.6,5.8,94,1019.1
09-jan-2013 23:00,0,0.0,0,1.4,0,1.0,0.3,6.2,92,1018.6
10-jan-2013 00:00,0,0.0,0,2.3,0,1.7,0.7,6.4,89,1018.2
10-jan-2013 01:00,0,0.0,0,1.3,0,0.7,-0.2,6.0,89,1017.7
10-jan-2013 02:00,0,0.0,0,-0.7,0,-1.1,-2.0,5.3,91,1017.5
10-jan-2013 03:00,0,0.0,0,-1.4,0,-1.8,-2.5,5.1,92,1016.8
10-jan-2013 04:00,0,0.0,0,-1.9,0,-2.2,-2.9,4.9,92,1016.4
10-jan-2013 05:00,0,0.0,0,-1.4,0,-1.7,-2.3,5.2,93,1015.4
10-jan-2013 06:00,0,0.0,0,0.2,0,-0.1,-0.7,5.8,94,1015.0
10-jan-2013 07:00,0,0.0,0,2.1,0,1.8,1.2,6.6,93,1014.2
10-jan-2013 08:00,0,0.0,0,1.1,0,0.7,0.1,6.1,93,1014.4
10-jan-2013 09:00,0,0.0,0,1.1,0,0.9,0.4,6.3,94,1014.4
10-jan-2013 10:00,0,0.1,0,3.5,0,3.2,2.7,7.4,94,1014.3
10-jan-2013 11:00,0,0.2,0,5.1,0,4.7,4.0,8.1,92,1014.4
10-jan-2013 12:00,0,0.7,0,5.6,0,5.1,4.5,8.4,92,1013.9
10-jan-2013 13:00,0,0.4,0,5.8,0,5.4,4.7,8.6,92,1013.7
10-jan-2013 14:00,0,0.1,0,6.3,0,5.8,5.1,8.8,92,1013.7
10-jan-2013 15:00,0,0.0,0,6.5,0,5.9,5.2,8.8,91,1013.9
10-jan-2013 16:00,0,0.0,0,6.3,0,5.6,4.6,8.5,88,1014.1
10-jan-2013 17:00,0,0.0,0,5.7,0,5.0,4.1,8.2,89,1014.6
10-jan-2013 18:00,0,0.0,0,5.5,0,4.4,2.9,7.6,83,1015.0
10-jan-2013 19:00,0,0.0,0,5.1,0,4.0,2.3,7.2,82,1015.3
10-jan-2013 20:00,0,0.0,0,4.7,0,3.6,2.0,7.1,82,1015.9
10-jan-2013 21:00,0,0.0,0,4.1,0,3.2,1.7,6.9,84,1016.7
10-jan-2013 22:00,0,0.1,0,2.9,0,2.2,1.0,6.5,87,1017.2
10-jan-2013 23:00,0,0.0,0,2.4,0,1.8,0.7,6.4,88,1017.5
11-jan-2013 00:00,0,0.0,0,2.3,0,1.7,0.8,6.5,89,1017.5
11-jan-2013 01:00,0,0.0,0,1.6,0,1.0,0.2,6.2,90,1017.7
11-jan-2013 02:00,0,0.0,0,1.1,0,0.7,-0.1,6.1,91,1017.9
11-jan-2013 03:00,0,0.0,0,0.6,0,0.2,-0.5,5.9,92,1017.9
11-jan-2013 04:00,0,0.0,0,0.2,0,-0.2,-0.9,5.7,92,1017.6
11-jan-2013 05:00,0,0.0,0,-0.5,0,-0.8,-1.4,5.5,93,1017.5
11-jan-2013 06:00,0,0.0,0,-1.0,0,-1.3,-1.9,5.3,93,1017.3
11-jan-2013 07:00,0,0.0,0,-0.7,0,-1.0,-1.6,5.4,93,1016.9
11-jan-2013 08:00,0,0.0,0,-0.3,0,-0.5,-1.1,5.7,94,1017.1
11-jan-2013 09:00,0,0.0,0,0.9,0,0.6,-0.0,6.1,93,1017.0
11-jan-2013 10:00,0,0.0,0,2.2,0,1.8,1.2,6.7,93,1016.3
11-jan-2013 11:00,0,0.0,0,5.2,0,4.4,3.2,7.7,87,1015.7
11-jan-2013 12:00,0,0.0,0,6.5,0,5.3,3.7,7.9,82,1015.0
11-jan-2013 13:00,0,0.0,0,7.0,0,5.9,4.3,8.3,83,1014.3
11-jan-2013 14:00,0,0.0,0,7.6,0,6.4,4.8,8.6,82,1013.4
11-jan-2013 15:00,0,0.0,0,7.9,0,6.7,5.3,8.9,83,1012.8
11-jan-2013 16:00,0,0.0,0,7.7,0,6.7,5.4,8.9,85,1012.2
11-jan-2013 17:00,0,0.0,0,6.5,0,5.8,4.8,8.6,89,1011.8
11-jan-2013 18:00,0,0.0,0,6.3,0,5.6,4.7,8.5,89,1011.5
11-jan-2013 19:00,0,0.0,0,4.7,0,4.2,3.5,7.9,92,1011.1
11-jan-2013 20:00,0,0.0,0,4.4,0,3.9,3.2,7.7,91,1010.7
11-jan-2013 21:00,0,0.0,0,4.9,0,4.4,3.7,7.9,91,1010.4
11-jan-2013 22:00,0,0.0,0,5.8,0,5.2,4.3,8.3,90,1010.1
11-jan-2013 23:00,0,0.0,0,4.5,0,4.2,3.6,7.9,94,1009.6
12-jan-2013 00:00,0,0.0,0,5.0,0,4.5,3.7,8.0,91,1009.4
12-jan-2013 01:00,0,0.1,0,5.2,0,4.7,4.0,8.2,92,1009.1
12-jan-2013 02:00,0,0.0,0,6.1,0,5.4,4.6,8.5,90,1008.7
12-jan-2013 03:00,0,0.0,0,7.2,0,6.4,5.5,9.0,88,1008.6
12-jan-2013 04:00,0,0.0,0,7.3,0,6.3,5.1,8.8,86,1008.5
12-jan-2013 05:00,0,0.0,0,7.2,0,6.0,4.6,8.5,83,1008.3
12-jan-2013 06:00,0,0.0,0,7.2,0,6.0,4.3,8.3,81,1008.3
12-jan-2013 07:00,0,0.0,0,7.0,0,5.9,4.6,8.5,84,1008.6
12-jan-2013 08:00,0,0.0,0,7.1,0,5.8,4.0,8.1,80,1009.0
12-jan-2013 09:00,0,0.0,0,6.9,0,5.6,4.0,8.1,82,1009.5
12-jan-2013 10:00,0,0.0,0,6.7,0,5.6,4.0,8.1,82,1010.1
12-jan-2013 11:00,0,0.0,0,6.7,0,5.5,4.0,8.1,82,1010.8
12-jan-2013 12:00,0,0.0,0,6.4,0,5.1,3.2,7.7,80,1011.0
12-jan-2013 13:00,0,0.0,0,6.8,0,5.2,3.0,7.6,76,1011.3
12-jan-2013 14:00,0,0.0,0,6.6,0,5.1,3.1,7.6,78,1011.7
12-jan-2013 15:00,0,0.0,0,6.6,0,5.1,2.9,7.5,76,1012.4
12-jan-2013 16:00,0,0.0,0,5.8,0,4.2,2.0,7.1,76,1013.3
12-jan-2013 17:00,0,0.0,0,5.6,0,4.0,1.4,6.8,74,1014.2
12-jan-2013 18:00,0,0.0,0,5.6,0,3.6,0.5,6.3,69,1014.9
12-jan-2013 19:00,0,0.0,0,4.7,0,2.6,-0.8,5.7,67,1015.7
12-jan-2013 20:00,0,0.0,0,4.5,0,2.3,-1.6,5.4,64,1016.4
12-jan-2013 21:00,0,0.0,0,4.1,0,2.0,-1.7,5.4,65,1017.3
12-jan-2013 22:00,0,0.0,0,4.4,0,2.3,-1.3,5.6,66,1017.9
12-jan-2013 23:00,0,0.0,0,4.0,0,2.0,-1.6,5.4,66,1018.4
13-jan-2013 00:00,0,0.0,0,3.5,0,1.6,-2.0,5.3,67,1018.4
13-jan-2013 01:00,0,0.0,0,2.5,0,1.0,-1.6,5.4,74,1018.8
13-jan-2013 02:00,0,0.0,0,1.3,0,0.2,-1.8,5.3,79,1019.7
13-jan-2013 03:00,0,0.0,0,-0.2,0,-1.0,-2.5,5.1,84,1019.9
13-jan-2013 04:00,0,0.0,0,-1.2,0,-1.7,-2.9,4.9,88,1020.1
13-jan-2013 05:00,0,0.0,0,-1.6,0,-2.0,-3.0,4.9,90,1020.5
13-jan-2013 06:00,0,0.0,0,-0.6,0,-1.1,-2.2,5.2,89,1020.9
13-jan-2013 07:00,0,0.0,0,-0.5,0,-1.0,-2.1,5.3,89,1020.9
13-jan-2013 08:00,0,0.0,0,-1.1,0,-1.6,-2.7,5.0,88,1021.0
13-jan-2013 09:00,0,0.0,0,-0.9,0,-1.4,-2.4,5.1,89,1021.5
13-jan-2013 10:00,0,0.0,0,0.3,0,-0.3,-1.6,5.4,87,1021.7
13-jan-2013 11:00,0,0.0,0,1.6,0,0.6,-1.0,5.7,82,1021.9
13-jan-2013 12:00,0,0.2,0,2.4,0,1.5,0.1,6.2,85,1021.3
13-jan-2013 13:00,0,0.8,0,3.0,0,2.3,1.0,6.6,86,1020.9
13-jan-2013 14:00,0,0.2,0,2.9,0,2.3,1.4,6.7,89,1020.6
13-jan-2013 15:00,0,0.0,0,3.1,0,2.5,1.6,6.9,89,1020.6
13-jan-2013 16:00,0,0.0,0,3.1,0,2.5,1.8,6.9,91,1020.8
13-jan-2013 17:00,0,0.0,0,2.9,0,2.5,1.8,7.0,92,1021.0
13-jan-2013 18:00,0,0.0,0,3.0,0,2.6,2.0,7.1,93,1021.0
13-jan-2013 19:00,0,0.0,0,3.2,0,2.8,2.2,7.2,93,1020.6
13-jan-2013 20:00,0,0.0,0,3.3,0,2.9,2.3,7.2,93,1020.4
13-jan-2013 21:00,0,0.0,0,3.0,0,2.6,2.0,7.1,92,1020.3
13-jan-2013 22:00,0,0.0,0,2.6,0,2.2,1.6,6.9,93,1020.1
13-jan-2013 23:00,0,0.0,0,2.8,0,2.4,1.8,6.9,92,1019.5
14-jan-2013 00:00,0,0.0,0,3.3,0,2.7,1.9,7.0,90,1019.4
14-jan-2013 01:00,0,0.0,0,3.7,0,3.0,2.0,7.1,88,1018.7
14-jan-2013 02:00,0,0.0,0,3.9,0,3.2,2.2,7.2,88,1017.9
14-jan-2013 03:00,0,0.0,0,4.6,0,3.9,2.8,7.5,88,1017.1
14-jan-2013 04:00,0,0.2,0,5.0,0,4.3,3.3,7.7,89,1016.1
14-jan-2013 05:00,0,0.8,0,4.7,0,4.2,3.4,7.8,90,1015.1
14-jan-2013 06:00,0,0.0,0,4.6,0,4.0,3.1,7.6,90,1014.5
14-jan-2013 07:00,0,0.0,0,4.7,0,4.1,3.1,7.6,89,1014.5
14-jan-2013 08:00,0,0.0,0,4.1,0,3.5,2.5,7.3,89,1014.7
14-jan-2013 09:00,0,0.1,0,4.2,0,3.5,2.4,7.3,88,1014.8
14-jan-2013 10:00,0,0.0,0,4.1,0,3.5,2.5,7.3,89,1014.7
14-jan-2013 11:00,0,0.0,0,4.8,0,3.8,2.3,7.2,83,1014.3
14-jan-2013 12:00,0,0.0,0,5.3,0,4.2,2.6,7.4,82,1013.6
14-jan-2013 13:00,0,0.0,0,5.7,0,4.2,1.9,7.0,77,1012.9
14-jan-2013 14:00,0,0.0,0,5.1,0,3.5,0.9,6.5,73,1012.6
14-jan-2013 15:00,0,0.8,0,3.5,0,2.4,0.6,6.4,81,1012.8
14-jan-2013 16:00,0,0.1,0,4.2,0,2.8,0.5,6.3,76,1012.6
14-jan-2013 17:00,0,0.0,0,2.8,0,1.7,-0.2,6.0,80,1012.7
14-jan-2013 18:00,0,0.0,0,2.1,0,1.2,-0.3,6.0,83,1012.7
14-jan-2013 19:00,0,0.0,0,1.7,0,0.9,-0.4,5.9,86,1012.8
14-jan-2013 20:00,0,0.0,0,1.5,0,0.8,-0.4,5.9,86,1012.6
14-jan-2013 21:00,0,0.0,0,1.9,0,1.0,-0.5,5.9,84,1012.5
14-jan-2013 22:00,0,0.0,0,1.4,0,0.7,-0.6,5.8,86,1012.7
14-jan-2013 23:00,0,0.0,0,1.7,0,0.9,-0.3,6.0,86,1013.1
15-jan-2013 00:00,0,0.0,0,0.7,0,0.1,-0.9,5.7,89,1013.5
15-jan-2013 01:00,0,0.0,0,0.5,0,-0.0,-1.0,5.7,90,1013.6
15-jan-2013 02:00,0,0.0,0,0.6,0,0.0,-1.1,5.6,88,1013.7
15-jan-2013 03:00,0,0.0,0,0.2,0,-0.4,-1.4,5.5,88,1014.0
15-jan-2013 04:00,0,0.0,0,0.2,0,-0.4,-1.6,5.4,88,1013.8
15-jan-2013 05:00,0,0.0,0,-0.1,0,-0.7,-1.8,5.4,88,1013.7
15-jan-2013 06:00,0,0.0,0,-0.4,0,-0.9,-1.9,5.3,89,1013.7
15-jan-2013 07:00,0,0.0,0,-0.6,0,-1.1,-2.1,5.2,89,1013.9
15-jan-2013 08:00,0,0.0,0,-0.2,0,-0.7,-1.6,5.4,89,1014.0
15-jan-2013 09:00,0,0.0,0,0.2,0,-0.4,-1.6,5.4,87,1014.1
15-jan-2013 10:00,0,0.0,0,0.8,0,0.1,-1.3,5.6,86,1013.4
15-jan-2013 11:00,0,0.0,0,2.2,0,1.1,-1.0,5.7,79,1013.7
15-jan-2013 12:00,0,0.0,0,3.2,0,1.7,-1.0,5.7,74,1013.6
15-jan-2013 13:00,0,0.0,0,3.4,0,2.0,-0.3,6.0,76,1012.7
15-jan-2013 14:00,0,0.0,0,3.2,0,2.0,-0.1,6.1,79,1012.1
15-jan-2013 15:00,0,0.0,0,3.1,0,2.0,0.2,6.2,81,1011.4
15-jan-2013 16:00,0,0.0,0,2.5,0,1.6,0.1,6.2,84,1011.0
15-jan-2013 17:00,0,0.0,0,1.7,0,1.1,-0.1,6.1,87,1010.6
15-jan-2013 18:00,0,0.0,0,0.9,0,0.4,-0.7,5.8,89,1010.1
15-jan-2013 19:00,0,0.0,0,0.4,0,-0.1,-1.0,5.7,90,1009.7
15-jan-2013 20:00,0,0.0,0,0.9,0,0.4,-0.5,5.9,90,1009.0
15-jan-2013 21:00,0,0.0,0,1.4,0,0.9,-0.0,6.1,89,1008.5
15-jan-2013 22:00,0,0.0,0,3.3,0,2.3,0.8,6.5,83,1008.1
15-jan-2013 23:00,0,0.0,0,3.9,0,2.8,0.9,6.5,80,1007.7
16-jan-2013 00:00,0,0.0,0,4.1,0,2.9,1.0,6.6,80,1007.4
16-jan-2013 01:00,0,0.0,0,4.7,0,3.3,1.1,6.6,77,1006.9
16-jan-2013 02:00,0,0.0,0,5.0,0,3.5,1.3,6.7,77,1006.9
16-jan-2013 03:00,0,0.0,0,4.8,0,3.5,1.4,6.7,78,1007.2
16-jan-2013 04:00,0,0.0,0,4.7,0,3.2,0.7,6.4,75,1007.7
16-jan-2013 05:00,0,0.0,0,4.4,0,2.9,0.5,6.3,76,1007.5
16-jan-2013 06:00,0,0.0,0,4.3,0,2.8,0.4,6.3,75,1007.6
16-jan-2013 07:00,0,0.0,0,3.9,0,2.5,0.3,6.2,77,1007.8
16-jan-2013 08:00,0,0.0,0,3.8,0,2.5,0.3,6.3,78,1008.3
16-jan-2013 09:00,0,0.0,0,4.0,0,2.7,0.7,6.4,78,1008.9
16-jan-2013 10:00,0,0.0,0,4.4,0,3.0,0.8,6.5,77,1009.2
16-jan-2013 11:00,0,0.1,0,4.3,0,3.3,1.8,6.9,83,1010.0
16-jan-2013 12:00,0,0.9,0,4.3,0,3.5,2.3,7.2,87,1010.3
16-jan-2013 13:00,0,0.6,0,4.4,0,3.7,2.6,7.4,87,1010.3
16-jan-2013 14:00,0,0.7,0,4.4,0,3.7,2.6,7.4,88,1010.2
16-jan-2013 15:00,0,0.3,0,4.3,0,3.6,2.6,7.4,88,1009.9
16-jan-2013 16:00,0,0.3,0,4.2,0,3.5,2.6,7.3,89,1010.6
16-jan-2013 17:00,0,0.1,0,4.1,0,3.5,2.7,7.4,90,1010.8
16-jan-2013 18:00,0,0.3,0,4.1,0,3.5,2.7,7.4,90,1011.4
16-jan-2013 19:00,0,0.2,0,4.0,0,3.5,2.7,7.4,91,1011.2
16-jan-2013 20:00,0,0.1,0,4.1,0,3.6,2.9,7.5,91,1011.0
16-jan-2013 21:00,0,0.0,0,5.4,0,4.4,3.0,7.6,84,1011.0
16-jan-2013 22:00,0,0.0,0,5.1,0,4.3,3.2,7.7,87,1011.4
16-jan-2013 23:00,0,0.1,0,5.3,0,4.6,3.5,7.9,88,1011.3
17-jan-2013 00:00,0,0.2,0,5.4,0,4.8,3.8,8.0,89,1011.6
17-jan-2013 01:00,0,0.2,0,5.5,0,4.9,4.0,8.1,89,1011.4
17-jan-2013 02:00,0,0.0,0,5.8,0,5.1,4.2,8.2,89,1011.3
17-jan-2013 03:00,0,0.0,0,5.9,0,5.2,4.3,8.3,89,1011.1
17-jan-2013 04:00,0,0.1,0,5.7,0,5.1,4.3,8.3,90,1010.8
17-jan-2013 05:00,0,0.0,0,5.1,0,4.5,3.7,8.0,90,1010.4
17-jan-2013 06:00,0,0.0,0,4.4,0,3.8,3.1,7.6,91,1010.0
17-jan-2013 07:00,0,0.0,0,5.0,0,4.5,3.8,8.0,91,1010.2
17-jan-2013 08:00,0,0.0,0,5.0,0,4.5,3.8,8.0,91,1010.1
17-jan-2013 09:00,0,0.0,0,4.5,0,4.1,3.4,7.8,93,1010.3
17-jan-2013 10:00,0,0.0,0,5.1,0,4.6,4.0,8.1,92,1010.2
17-jan-2013 11:00,0,0.0,0,7.0,0,6.4,5.7,9.2,91,1009.4
17-jan-2013 12:00,0,0.0,0,8.0,0,6.9,5.4,9.0,83,1008.7
17-jan-2013 13:00,0,0.0,0,8.2,0,7.0,5.6,9.1,84,1008.0
17-jan-2013 14:00,0,0.0,0,8.7,0,6.9,4.7,8.6,76,1007.2
17-jan-2013 15:00,0,0.0,0,8.2,0,6.9,5.3,8.9,81,1006.5
17-jan-2013 16:00,0,0.0,0,6.9,0,6.0,4.9,8.7,87,1005.8
17-jan-2013 17:00,0,0.0,0,6.7,0,5.8,4.7,8.5,87,1005.4
17-jan-2013 18:00,0,0.0,0,6.9,0,5.9,4.6,8.5,85,1004.7
17-jan-2013 19:00,0,0.0,0,7.0,0,6.1,4.9,8.6,86,1004.1
17-jan-2013 20:00,0,0.0,0,7.2,0,6.1,4.8,8.6,84,1003.5
17-jan-2013 21:00,0,0.0,0,6.7,0,5.7,4.4,8.4,85,1002.9
17-jan-2013 22:00,0,0.0,0,6.1,0,5.2,3.9,8.1,85,1002.3
17-jan-2013 23:00,0,0.1,0,5.6,0,4.6,3.1,7.6,83,1001.2
18-jan-2013 00:00,0,0.4,0,5.3,0,4.3,2.8,7.5,84,1000.5
18-jan-2013 01:00,0,0.6,0,4.9,0,3.9,2.3,7.2,83,1000.1
18-jan-2013 02:00,0,0.3,0,4.4,0,3.4,1.9,7.0,83,999.3
18-jan-2013 03:00,0,0.7,0,3.7,0,2.8,1.4,6.8,85,998.1
18-jan-2013 04:00,0,0.7,0,3.1,0,2.3,1.0,6.6,86,997.6
18-jan-2013 05:00,0,0.6,0,2.9,0,2.2,0.9,6.5,86,996.6
18-jan-2013 06:00,0,1.1,0,2.4,0,1.7,0.6,6.4,88,996.2
18-jan-2013 07:00,0,0.7,0,2.4,0,1.7,0.6,6.4,87,995.8
18-jan-2013 08:00,0,2.1,0,2.1,0,1.5,0.4,6.3,88,995.1
18-jan-2013 09:00,0,2.2,0,2.3,0,1.6,0.5,6.4,88,994.4
18-jan-2013 10:00,0,0.3,0,2.5,0,1.8,0.8,6.5,88,994.1
18-jan-2013 11:00,0,0.5,0,2.6,0,1.9,0.9,6.5,88,993.4
18-jan-2013 12:00,0,0.7,0,2.4,0,1.8,0.7,6.4,88,992.5
18-jan-2013 13:00,0,1.1,0,2.3,0,1.7,0.7,6.4,89,991.9
18-jan-2013 14:00,0,0.3,0,2.6,0,1.9,0.9,6.5,88,991.1
18-jan-2013 15:00,0,0.6,0,2.5,0,1.9,0.9,6.5,89,990.7
18-jan-2013 16:00,0,1.3,0,2.2,0,1.6,0.6,6.4,89,990.8
18-jan-2013 17:00,0,0.4,0,2.0,0,1.5,0.6,6.4,90,990.8
18-jan-2013 18:00,0,0.6,0,2.5,0,1.9,0.8,6.5,88,990.6
18-jan-2013 19:00,0,0.3,0,2.8,0,2.2,1.2,6.7,89,990.6
18-jan-2013 20:00,0,0.6,0,2.9,0,2.3,1.3,6.7,89,990.8
18-jan-2013 21:00,0,1.2,0,3.7,0,3.1,2.2,7.2,90,990.9
18-jan-2013 22:00,0,0.7,0,4.0,0,3.4,2.6,7.3,90,991.2
18-jan-2013 23:00,0,0.6,0,4.0,0,3.4,2.5,7.3,90,991.6
19-jan-2013 00:00,0,0.1,0,3.9,0,3.3,2.3,7.2,89,992.1
19-jan-2013 01:00,0,0.0,0,3.5,0,2.8,1.7,6.9,88,992.5
19-jan-2013 02:00,0,0.0,0,3.5,0,2.8,1.7,6.9,87,993.3
19-jan-2013 03:00,0,0.0,0,3.5,0,2.8,1.7,6.9,88,994.2
19-jan-2013 04:00,0,0.0,0,3.4,0,2.6,1.2,6.7,85,995.0
19-jan-2013 05:00,0,0.1,0,3.1,0,2.2,0.8,6.5,84,995.7
19-jan-2013 06:00,0,0.1,0,2.5,0,1.8,0.6,6.4,87,996.3
19-jan-2013 07:00,0,0.0,0,2.0,0,1.3,0.1,6.2,87,997.0
19-jan-2013 08:00,0,0.5,0,1.6,0,1.0,-0.1,6.1,88,998.0
19-jan-2013 09:00,0,0.7,0,2.0,0,1.3,0.2,6.2,87,998.7
19-jan-2013 10:00,0,0.1,0,2.1,0,1.4,0.2,6.2,87,999.5
19-jan-2013 11:00,0,0.2,0,1.9,0,1.2,-0.1,6.1,86,1000.2
19-jan-2013 12:00,0,0.2,0,2.2,0,1.4,-0.1,6.1,85,1000.2
19-jan-2013 13:00,0,0.0,0,2.3,0,1.4,-0.1,6.1,84,1000.2
19-jan-2013 14:00,0,0.0,0,2.2,0,1.3,-0.2,6.0,83,1000.5
19-jan-2013 15:00,0,0.0,0,2.0,0,1.3,0.0,6.1,86,1001.0
19-jan-2013 16:00,0,0.1,0,1.8,0,1.2,0.1,6.1,88,1001.5
19-jan-2013 17:00,0,0.0,0,1.5,0,0.8,-0.5,5.9,86,1001.9
19-jan-2013 18:00,0,0.0,0,2.4,0,1.1,-1.3,5.6,76,1002.2
19-jan-2013 19:00,0,0.0,0,2.4,0,1.2,-1.0,5.7,78,1002.1
19-jan-2013 20:00,0,0.0,0,2.7,0,1.2,-1.7,5.4,72,1002.2
19-jan-2013 21:00,0,0.0,0,2.7,0,1.1,-2.0,5.3,71,1002.2
19-jan-2013 22:00,0,0.0,0,2.7,0,0.8,-3.0,4.9,65,1002.3
19-jan-2013 23:00,0,0.0,0,2.6,0,0.6,-3.4,4.7,64,1002.3
20-jan-2013 00:00,0,0.0,0,2.6,0,0.6,-3.2,4.8,65,1002.0
20-jan-2013 01:00,0,0.0,0,2.6,0,0.7,-3.2,4.8,65,1001.7
20-jan-2013 02:00,0,0.0,0,2.7,0,0.8,-2.9,4.9,66,1001.3
20-jan-2013 03:00,0,0.0,0,2.7,0,0.8,-2.9,4.9,66,1001.0
20-jan-2013 04:00,0,0.0,0,2.7,0,0.5,-3.8,4.6,62,1001.1
20-jan-2013 05:00,0,0.0,0,2.7,0,0.6,-3.4,4.8,63,1000.7
20-jan-2013 06:00,0,0.0,0,2.8,0,0.4,-4.3,4.4,59,1000.4
20-jan-2013 07:00,0,0.0,0,2.6,0,0.5,-3.8,4.6,62,1000.2
20-jan-2013 08:00,0,0.0,0,2.6,0,0.6,-3.4,4.7,64,999.6
20-jan-2013 09:00,0,0.0,0,2.7,0,0.6,-3.5,4.7,63,999.2
20-jan-2013 10:00,0,0.0,0,2.9,0,0.8,-3.0,4.9,65,999.0
20-jan-2013 11:00,0,0.0,0,3.1,0,0.7,-4.1,4.5,58,998.9
20-jan-2013 12:00,0,0.0,0,2.4,0,0.7,-2.6,5.0,69,998.5
20-jan-2013 13:00,0,0.0,0,2.6,0,0.7,-3.0,4.9,66,997.7
20-jan-2013 14:00,0,0.0,0,1.9,0,0.6,-1.7,5.4,76,997.4
20-jan-2013 15:00,0,0.0,0,2.6,0,0.9,-2.4,5.1,69,996.6
20-jan-2013 16:00,0,0.1,0,2.4,0,0.7,-2.4,5.1,70,996.2
20-jan-2013 17:00,0,0.0,0,2.8,0,1.0,-2.3,5.1,69,996.1
20-jan-2013 18:00,0,0.0,0,2.8,0,0.8,-3.0,4.9,65,995.8
20-jan-2013 19:00,0,0.0,0,2.8,0,0.9,-2.7,5.0,67,995.6
20-jan-2013 20:00,0,0.0,0,2.9,0,0.9,-2.8,5.0,66,995.5
20-jan-2013 21:00,0,0.0,0,3.0,0,0.9,-3.1,4.9,64,995.4
20-jan-2013 22:00,0,0.0,0,3.0,0,0.9,-3.0,4.9,64,995.2
20-jan-2013 23:00,0,0.0,0,2.9,0,0.8,-3.2,4.8,64,995.3
21-jan-2013 00:00,0,0.0,0,2.9,0,0.9,-2.8,5.0,66,995.3
21-jan-2013 01:00,0,0.0,0,3.0,0,1.1,-2.6,5.0,66,995.0
21-jan-2013 02:00,0,0.0,0,2.9,0,1.0,-2.6,5.1,67,994.7
21-jan-2013 03:00,0,0.0,0,2.9,0,1.2,-2.0,5.3,69,994.3
21-jan-2013 04:00,0,0.0,0,3.1,0,1.3,-1.8,5.3,70,994.2
21-jan-2013 05:00,0,0.1,0,2.4,0,1.4,-0.5,5.9,80,994.5
21-jan-2013 06:00,0,0.2,0,1.5,0,0.8,-0.4,5.9,86,994.7
21-jan-2013 07:00,0,1.2,0,0.3,0,-0.2,-1.0,5.7,90,994.8
21-jan-2013 08:00,0,1.8,0,0.3,0,-0.1,-1.0,5.7,90,994.9
21-jan-2013 09:00,0,1.8,0,0.2,0,-0.3,-1.1,5.6,91,995.1
21-jan-2013 10:00,0,1.3,0,0.4,0,-0.0,-0.8,5.8,91,994.9
21-jan-2013 11:00,0,0.0,0,0.7,0,0.2,-0.6,5.9,91,994.8
21-jan-2013 12:00,0,1.0,0,0.4,0,-0.0,-0.8,5.7,91,994.6
21-jan-2013 13:00,0,0.8,0,1.3,0,0.9,0.1,6.1,91,994.1
21-jan-2013 14:00,0,0.0,0,1.7,0,1.2,0.3,6.2,89,993.5
21-jan-2013 15:00,0,0.1,0,1.7,0,1.1,0.1,6.1,89,993.6
21-jan-2013 16:00,0,0.0,0,1.7,0,1.2,0.1,6.2,89,993.7
21-jan-2013 17:00,0,0.3,0,1.6,0,1.0,0.1,6.1,89,993.9
21-jan-2013 18:00,0,0.0,0,1.3,0,0.8,-0.2,6.0,89,993.9
21-jan-2013 19:00,0,0.0,0,1.3,0,0.7,-0.2,6.0,89,994.0
21-jan-2013 20:00,0,0.0,0,1.1,0,0.5,-0.6,5.8,88,994.1
21-jan-2013 21:00,0,0.0,0,1.0,0,0.3,-1.0,5.7,86,994.1
21-jan-2013 22:00,0,0.0,0,0.9,0,0.3,-0.7,5.8,88,994.4
21-jan-2013 23:00,0,0.0,0,-0.1,0,-0.6,-1.7,5.4,89,994.4
22-jan-2013 00:00,0,0.0,0,-0.6,0,-0.7,-0.9,5.7,97,994.9
22-jan-2013 01:00,0,0.0,0,-1.4,0,-1.5,-1.6,5.4,98,995.1
22-jan-2013 02:00,0,0.0,0,-2.0,0,-2.1,-2.2,5.2,98,995.7
22-jan-2013 03:00,0,0.0,0,-1.9,0,-1.9,-2.0,5.3,99,995.9
22-jan-2013 04:00,0,0.0,0,-1.8,0,-1.9,-1.9,5.3,99,996.4
22-jan-2013 05:00,0,0.0,0,-2.6,0,-2.6,-2.6,5.0,99,997.1
22-jan-2013 06:00,0,0.0,0,-2.9,0,-2.9,-2.9,4.9,100,997.2
22-jan-2013 07:00,0,0.0,0,-3.1,0,-3.1,-3.1,4.9,100,997.9
22-jan-2013 08:00,0,0.0,0,-3.8,0,-3.8,-3.8,4.6,99,998.7
22-jan-2013 09:00,0,0.0,0,-3.3,0,-3.2,-3.2,4.8,100,999.7
22-jan-2013 10:00,0,0.0,0,-1.7,0,-1.7,-1.7,5.4,100,1000.3
22-jan-2013 11:00,0,0.0,0,-1.1,0,-1.1,-1.1,5.6,99,1001.1
22-jan-2013 12:00,0,0.0,0,-0.5,0,-0.5,-0.5,5.9,99,1001.6
22-jan-2013 13:00,0,0.0,0,0.1,0,0.0,-0.0,6.1,99,1001.9
22-jan-2013 14:00,0,0.0,0,0.5,0,0.4,0.3,6.3,98,1002.4
22-jan-2013 15:00,0,0.0,0,1.2,0,1.0,0.8,6.5,97,1002.8
22-jan-2013 16:00,0,0.0,0,1.6,0,1.4,1.1,6.6,96,1003.5
22-jan-2013 17:00,0,0.0,0,1.3,0,1.1,0.9,6.5,97,1004.2
22-jan-2013 18:00,0,0.0,0,0.8,0,0.6,0.4,6.3,97,1004.9
22-jan-2013 19:00,0,0.0,0,-0.3,0,-0.4,-0.5,5.9,98,1005.6
22-jan-2013 20:00,0,0.0,0,-0.7,0,-0.7,-0.8,5.8,98,1006.1
22-jan-2013 21:00,0,0.0,0,0.0,0,0.0,-0.0,6.1,99,1006.6
22-jan-2013 22:00,0,0.0,0,-0.3,0,-0.3,-0.4,5.9,99,1006.9
22-jan-2013 23:00,0,0.0,0,-0.6,0,-0.6,-0.6,5.8,99,1007.4
23-jan-2013 00:00,0,0.0,0,-0.1,0,-0.6,-1.4,5.5,91,1007.8
23-jan-2013 01:00,0,0.0,0,0.1,0,-0.3,-1.1,5.7,91,1007.9
23-jan-2013 02:00,0,0.0,0,0.5,0,0.1,-0.7,5.8,91,1007.9
23-jan-2013 03:00,0,0.0,0,-0.6,0,-1.0,-1.8,5.4,91,1007.8
23-jan-2013 04:00,0,0.0,0,-1.1,0,-1.5,-2.2,5.2,91,1007.5
23-jan-2013 05:00,0,0.0,0,-0.3,0,-0.7,-1.6,5.4,91,1007.6
23-jan-2013 06:00,0,0.0,0,-1.3,0,-1.7,-2.5,5.1,91,1007.9
23-jan-2013 07:00,0,0.0,0,0.2,0,-0.1,-0.8,5.7,92,1007.9
23-jan-2013 08:00,0,0.0,0,0.8,0,0.3,-0.5,5.9,90,1008.2
23-jan-2013 09:00,0,0.0,0,1.3,0,0.7,-0.5,5.9,88,1007.9
23-jan-2013 10:00,0,0.0,0,2.3,0,1.4,-0.0,6.1,84,1007.6
23-jan-2013 11:00,0,0.1,0,3.3,0,2.0,-0.1,6.0,78,1007.4
23-jan-2013 12:00,0,0.0,0,3.7,0,2.3,0.0,6.1,77,1007.2
23-jan-2013 13:00,0,0.0,0,4.0,0,2.2,-1.1,5.7,69,1007.3
23-jan-2013 14:00,0,0.0,0,3.5,0,1.8,-1.2,5.6,71,1007.2
23-jan-2013 15:00,0,0.0,0,4.0,0,2.0,-1.5,5.5,67,1007.1
23-jan-2013 16:00,0,0.0,0,3.9,0,2.0,-1.3,5.6,69,1006.8
23-jan-2013 17:00,0,0.0,0,2.9,0,1.4,-1.3,5.5,73,1007.1
23-jan-2013 18:00,0,0.0,0,3.0,0,1.5,-1.1,5.7,74,1007.8
23-jan-2013 19:00,0,0.0,0,3.1,0,1.6,-0.9,5.7,75,1008.1
23-jan-2013 20:00,0,0.0,0,3.2,0,1.8,-0.7,5.8,75,1008.8
23-jan-2013 21:00,0,0.0,0,2.7,0,1.4,-1.1,5.6,76,1009.7
23-jan-2013 22:00,0,0.0,0,2.8,0,1.4,-1.2,5.6,74,1010.2
23-jan-2013 23:00,0,0.0,0,2.2,0,1.1,-0.8,5.7,80,1010.9
24-jan-2013 00:00,0,0.0,0,2.0,0,1.1,-0.4,5.9,83,1011.5
24-jan-2013 01:00,0,0.0,0,2.1,0,1.2,-0.4,5.9,83,1011.7
24-jan-2013 02:00,0,0.0,0,1.9,0,1.1,-0.3,6.0,85,1012.3
24-jan-2013 03:00,0,0.0,0,1.7,0,1.0,-0.4,5.9,86,1012.5
24-jan-2013 04:00,0,0.0,0,1.5,0,0.9,-0.4,6.0,87,1012.7
24-jan-2013 05:00,0,0.0,0,1.4,0,0.8,-0.4,5.9,87,1013.4
24-jan-2013 06:00,0,0.0,0,1.5,0,0.9,-0.3,6.0,87,1014.2
24-jan-2013 07:00,0,0.0,0,1.7,0,1.0,-0.1,6.1,87,1014.7
24-jan-2013 08:00,0,0.0,0,1.8,0,1.1,-0.1,6.1,87,1015.5
24-jan-2013 09:00,0,0.0,0,2.0,0,1.3,0.0,6.1,86,1015.7
24-jan-2013 10:00,0,0.0,0,2.9,0,2.0,0.3,6.3,83,1015.4
24-jan-2013 11:00,0,0.0,0,4.0,0,2.6,0.3,6.2,76,1016.1
24-jan-2013 12:00,0,0.0,0,4.1,0,2.7,0.4,6.3,77,1016.4
24-jan-2013 13:00,0,0.0,0,4.3,0,3.0,0.9,6.5,78,1016.1
24-jan-2013 14:00,0,0.0,0,5.2,0,3.6,1.2,6.7,75,1015.9
24-jan-2013 15:00,0,0.0,0,5.3,0,3.4,0.4,6.3,70,1015.7
24-jan-2013 16:00,0,0.0,0,4.7,0,3.0,0.4,6.3,73,1015.9
24-jan-2013 17:00,0,0.0,0,4.1,0,2.7,0.3,6.3,76,1015.9
24-jan-2013 18:00,0,0.0,0,4.9,0,3.2,0.5,6.4,73,1015.9
24-jan-2013 19:00,0,0.0,0,4.8,0,3.2,0.8,6.5,75,1015.4
24-jan-2013 20:00,0,0.0,0,4.9,0,3.3,0.9,6.5,75,1015.1
24-jan-2013 21:00,0,0.0,0,4.8,0,3.5,1.3,6.7,78,1014.9
24-jan-2013 22:00,0,0.0,0,5.0,0,3.7,1.7,6.9,79,1014.4
24-jan-2013 23:00,0,0.0,0,5.0,0,3.6,1.3,6.7,76,1014.1
25-jan-2013 00:00,0,0.0,0,5.2,0,3.7,1.4,6.8,76,1013.2
25-jan-2013 01:00,0,0.0,0,5.3,0,3.9,1.8,6.9,77,1012.9
25-jan-2013 02:00,0,0.0,0,5.4,0,4.1,2.1,7.1,79,1012.4
25-jan-2013 03:00,0,0.0,0,5.6,0,4.1,2.0,7.0,77,1011.8
25-jan-2013 04:00,0,0.0,0,5.7,0,4.3,2.1,7.1,77,1010.8
25-jan-2013 05:00,0,0.3,0,5.3,0,4.3,2.8,7.5,83,1010.0
25-jan-2013 06:00,0,1.1,0,5.0,0,4.2,3.0,7.6,86,1009.1
25-jan-2013 07:00,0,1.0,0,5.1,0,4.3,3.1,7.7,87,1007.9
25-jan-2013 08:00,0,0.2,0,5.3,0,4.3,3.0,7.6,85,1006.6
25-jan-2013 09:00,0,0.0,0,6.3,0,4.9,2.9,7.5,78,1005.7
25-jan-2013 10:00,0,0.0,0,7.0,0,5.2,2.8,7.5,74,1004.8
25-jan-2013 11:00,0,0.0,0,7.4,0,5.5,2.9,7.5,72,1003.7
25-jan-2013 12:00,0,0.0,0,7.7,0,5.8,3.3,7.7,73,1001.8
25-jan-2013 13:00,0,0.0,0,8.4,0,6.4,3.8,8.0,72,1000.0
25-jan-2013 14:00,0,1.1,0,8.0,0,6.7,5.0,8.7,81,998.3
25-jan-2013 15:00,0,1.0,0,8.6,0,6.6,4.1,8.2,73,996.3
25-jan-2013 16:00,0,0.1,0,8.4,0,6.9,5.1,8.8,79,995.4
25-jan-2013 17:00,0,3.4,0,7.9,0,6.9,5.6,9.1,85,995.0
25-jan-2013 18:00,0,2.4,0,7.7,0,6.9,5.8,9.2,87,994.5
25-jan-2013 19:00,0,4.0,0,7.9,0,7.2,6.4,9.6,89,994.4
25-jan-2013 20:00,0,3.2,0,7.8,0,6.8,5.7,9.2,86,995.3
25-jan-2013 21:00,0,0.6,0,7.3,0,6.3,5.1,8.8,85,996.2
25-jan-2013 22:00,0,0.0,0,6.7,0,5.4,3.8,8.0,81,998.1
25-jan-2013 23:00,0,0.0,0,5.9,0,4.3,1.8,7.0,74,1000.1
26-jan-2013 00:00,0,0.0,0,4.9,0,3.8,2.3,7.2,83,1001.7
26-jan-2013 01:00,0,0.0,0,4.3,0,3.4,1.8,7.0,83,1002.9
26-jan-2013 02:00,0,0.0,0,3.5,0,2.8,1.5,6.8,86,1004.0
26-jan-2013 03:00,0,0.0,0,3.0,0,2.4,1.4,6.8,89,1004.6
26-jan-2013 04:00,0,0.0,0,2.9,0,2.3,1.4,6.8,90,1004.7
26-jan-2013 05:00,0,0.0,0,2.4,0,1.8,1.0,6.5,90,1005.3
26-jan-2013 06:00,0,0.0,0,3.3,0,2.6,1.6,6.8,88,1005.4
26-jan-2013 07:00,0,0.0,0,3.0,0,2.4,1.4,6.8,89,1005.9
26-jan-2013 08:00,0,0.0,0,2.3,0,2.0,1.4,6.8,93,1006.3
26-jan-2013 09:00,0,0.0,0,3.2,0,2.9,2.4,7.3,94,1006.0
26-jan-2013 10:00,0,0.0,0,4.4,0,3.9,3.2,7.7,91,1005.6
26-jan-2013 11:00,0,0.0,0,6.4,0,5.6,4.4,8.4,87,1004.7
26-jan-2013 12:00,0,0.0,0,8.1,0,6.9,5.4,9.0,83,1003.5
26-jan-2013 13:00,0,0.0,0,8.6,0,7.1,5.3,8.9,79,1001.8
26-jan-2013 14:00,0,0.1,0,8.4,0,7.2,5.8,9.2,83,999.8
26-jan-2013 15:00,0,0.0,0,9.3,0,7.7,5.8,9.2,78,997.9
26-jan-2013 16:00,0,0.2,0,9.3,0,8.2,7.0,10.0,85,995.7
26-jan-2013 17:00,0,0.7,0,8.9,0,8.3,7.6,10.5,91,994.8
26-jan-2013 18:00,0,0.1,0,10.1,0,9.2,8.2,10.9,88,992.6
26-jan-2013 19:00,0,0.0,0,11.1,0,10.0,8.9,11.4,86,990.0
26-jan-2013 20:00,0,0.0,0,11.6,0,10.5,9.5,11.8,86,988.7
26-jan-2013 21:00,0,0.0,0,12.0,0,10.7,9.4,11.8,84,986.4
26-jan-2013 22:00,0,0.0,0,11.9,0,10.7,9.4,11.8,84,983.9
26-jan-2013 23:00,0,0.1,0,11.5,0,10.6,9.8,12.1,89,982.4
27-jan-2013 00:00,0,0.5,0,11.8,0,10.9,10.1,12.4,89,980.8
27-jan-2013 01:00,0,0.6,0,9.6,0,8.8,8.0,10.7,89,982.0
27-jan-2013 02:00,0,1.5,0,8.3,0,7.8,7.3,10.2,93,982.0
27-jan-2013 03:00,0,0.5,0,8.1,0,7.6,7.0,10.0,93,982.4
27-jan-2013 04:00,0,0.0,0,7.3,0,6.4,5.2,8.9,87,982.1
27-jan-2013 05:00,0,0.0,0,7.2,0,6.0,4.5,8.4,83,983.0
27-jan-2013 06:00,0,0.5,0,4.2,0,3.4,2.1,7.1,86,984.8
27-jan-2013 07:00,0,0.0,0,3.5,0,2.7,1.4,6.8,86,985.8
27-jan-2013 08:00,0,0.0,0,3.8,0,2.9,1.5,6.8,84,986.5
27-jan-2013 09:00,0,0.1,0,3.9,0,2.7,0.8,6.5,80,987.5
27-jan-2013 10:00,0,0.0,0,3.9,0,3.0,1.5,6.8,84,988.5
27-jan-2013 11:00,0,0.0,0,4.1,0,2.9,1.0,6.6,80,989.0
27-jan-2013 12:00,0,0.0,0,5.5,0,3.8,1.3,6.7,74,988.6
27-jan-2013 13:00,0,0.0,0,6.3,0,4.4,1.5,6.8,71,988.4
27-jan-2013 14:00,0,1.5,0,2.9,0,2.5,1.8,6.9,92,990.8
27-jan-2013 15:00,0,0.0,0,3.6,0,3.0,2.0,7.1,89,991.1
27-jan-2013 16:00,0,0.0,0,3.9,0,3.1,2.0,7.1,87,991.1
27-jan-2013 17:00,0,0.1,0,3.1,0,2.6,2.0,7.0,92,992.1
27-jan-2013 18:00,0,0.5,0,3.0,0,2.6,2.2,7.1,94,992.9
27-jan-2013 19:00,0,0.6,0,2.6,0,2.1,1.3,6.7,91,994.0
27-jan-2013 20:00,0,0.0,0,2.6,0,2.0,1.0,6.6,89,994.8
27-jan-2013 21:00,0,0.0,0,3.0,0,2.2,1.0,6.6,86,995.3
27-jan-2013 22:00,0,0.0,0,2.8,0,2.0,0.5,6.3,84,995.8
27-jan-2013 23:00,0,0.0,0,2.4,0,1.8,0.8,6.5,89,996.9
28-jan-2013 00:00,0,0.0,0,2.6,0,1.8,0.5,6.3,86,998.0
28-jan-2013 01:00,0,0.0,0,2.7,0,1.9,0.5,6.3,85,998.3
28-jan-2013 02:00,0,0.0,0,2.8,0,1.9,0.4,6.3,84,999.7
28-jan-2013 03:00,0,0.0,0,3.4,0,2.4,0.7,6.4,82,999.7
28-jan-2013 04:00,0,0.0,0,3.4,0,2.3,0.4,6.3,80,999.6
28-jan-2013 05:00,0,0.0,0,3.3,0,2.2,0.3,6.3,81,999.9
28-jan-2013 06:00,0,0.0,0,3.5,0,2.3,0.3,6.2,79,999.8
28-jan-2013 07:00,0,0.0,0,4.0,0,2.7,0.5,6.3,78,999.4
28-jan-2013 08:00,0,0.0,0,5.1,0,3.6,1.3,6.7,76,998.6
28-jan-2013 09:00,0,0.1,0,6.1,0,4.9,3.1,7.7,81,997.1
28-jan-2013 10:00,0,0.5,0,6.0,0,5.1,3.9,8.1,86,994.8
28-jan-2013 11:00,0,0.3,0,7.7,0,6.3,4.6,8.5,80,991.2
28-jan-2013 12:00,0,0.0,0,9.1,0,7.5,5.5,9.1,78,987.8
28-jan-2013 13:00,0,0.2,0,10.8,0,9.0,7.0,10.0,77,985.4
28-jan-2013 14:00,0,0.0,0,10.4,0,8.1,5.5,9.1,72,985.6
28-jan-2013 15:00,0,0.0,0,10.7,0,8.4,5.6,9.1,70,985.6
28-jan-2013 16:00,0,0.4,0,10.4,0,7.9,4.9,8.7,68,986.0
28-jan-2013 17:00,0,0.0,0,10.0,0,7.6,4.8,8.6,70,986.9
28-jan-2013 18:00,0,0.0,0,9.8,0,7.5,4.8,8.6,71,987.9
28-jan-2013 19:00,0,0.0,0,9.7,0,7.2,3.8,8.0,66,988.5
28-jan-2013 20:00,0,0.0,0,9.4,0,7.1,4.3,8.3,70,989.3
28-jan-2013 21:00,0,0.0,0,9.4,0,7.2,4.4,8.4,71,990.5
28-jan-2013 22:00,0,0.0,0,9.4,0,7.2,4.6,8.5,72,992.0
28-jan-2013 23:00,0,0.0,0,9.4,0,7.4,4.9,8.7,73,993.6
29-jan-2013 00:00,0,0.0,0,8.9,0,7.2,5.2,8.8,77,995.2
29-jan-2013 01:00,0,0.0,0,8.4,0,6.9,5.1,8.8,79,995.6
29-jan-2013 02:00,0,0.0,0,8.0,0,6.8,5.3,8.9,83,996.1
29-jan-2013 03:00,0,0.0,0,7.8,0,6.5,4.8,8.6,81,995.9
29-jan-2013 04:00,0,0.0,0,7.2,0,5.9,4.2,8.3,81,997.3
29-jan-2013 05:00,0,0.0,0,6.8,0,5.6,3.9,8.1,81,997.5
29-jan-2013 06:00,0,0.0,0,6.5,0,5.4,3.8,8.0,82,997.0
29-jan-2013 07:00,0,0.0,0,7.1,0,5.8,4.1,8.2,81,996.1
29-jan-2013 08:00,0,0.0,0,7.6,0,6.1,4.2,8.2,79,994.5
29-jan-2013 09:00,0,0.0,0,7.8,0,6.9,5.9,9.3,88,993.4
29-jan-2013 10:00,0,0.1,0,9.7,0,8.7,7.7,10.5,87,991.9
29-jan-2013 11:00,0,0.0,0,12.4,0,11.2,10.0,12.3,85,990.4
29-jan-2013 12:00,0,0.0,0,13.6,0,12.1,10.7,12.9,82,988.9
29-jan-2013 13:00,0,0.0,0,13.9,0,12.4,10.9,13.1,82,988.1
29-jan-2013 14:00,0,0.0,0,13.9,0,12.4,11.1,13.2,83,987.4
29-jan-2013 15:00,0,0.0,0,13.8,0,12.4,11.2,13.3,84,986.9
29-jan-2013 16:00,0,2.9,0,9.0,0,8.4,7.7,10.5,91,989.8
29-jan-2013 17:00,0,0.6,0,8.9,0,7.9,6.8,9.9,86,990.4
29-jan-2013 18:00,0,0.0,0,9.1,0,7.8,6.3,9.5,82,991.4
29-jan-2013 19:00,0,0.0,0,9.0,0,7.7,6.1,9.4,81,992.8
29-jan-2013 20:00,0,0.0,0,8.6,0,7.3,5.8,9.2,82,993.6
29-jan-2013 21:00,0,0.0,0,8.1,0,6.8,5.2,8.8,81,993.9
29-jan-2013 22:00,0,0.0,0,7.8,0,6.4,4.5,8.4,79,994.0
29-jan-2013 23:00,0,0.0,0,7.5,0,6.3,4.8,8.6,83,994.1
30-jan-2013 00:00,0,0.0,0,7.2,0,6.3,5.1,8.8,86,994.3
30-jan-2013 01:00,0,0.0,0,8.3,0,7.1,5.8,9.2,84,994.0
30-jan-2013 02:00,0,0.0,0,8.0,0,6.8,5.3,8.9,82,994.3
30-jan-2013 03:00,0,0.0,0,7.6,0,6.2,4.3,8.3,79,995.0
30-jan-2013 04:00,0,0.0,0,6.9,0,5.6,3.8,8.0,80,995.5
30-jan-2013 05:00,0,0.1,0,6.2,0,5.2,3.8,8.0,84,995.8
30-jan-2013 06:00,0,0.0,0,6.1,0,5.1,3.7,8.0,84,996.1
30-jan-2013 07:00,0,0.0,0,6.2,0,5.2,3.8,8.0,84,996.4
30-jan-2013 08:00,0,0.0,0,6.9,0,5.4,3.2,7.7,77,996.7
30-jan-2013 09:00,0,0.0,0,7.2,0,5.5,3.1,7.7,75,997.4
30-jan-2013 10:00,0,0.1,0,8.6,0,5.9,2.1,7.1,63,997.8
30-jan-2013 11:00,0,0.9,0,6.1,0,5.1,3.7,7.9,84,999.6
30-jan-2013 12:00,0,2.2,0,6.1,0,5.3,4.3,8.3,88,1000.8
30-jan-2013 13:00,0,0.4,0,7.1,0,5.9,4.5,8.4,83,1001.9
30-jan-2013 14:00,0,0.0,0,7.7,0,6.4,4.9,8.6,82,1003.3
30-jan-2013 15:00,0,0.0,0,8.0,0,6.5,4.6,8.5,79,1005.7
30-jan-2013 16:00,0,0.1,0,7.6,0,6.0,3.9,8.1,77,1007.9
30-jan-2013 17:00,0,0.0,0,7.0,0,5.6,3.5,7.9,78,1009.1
30-jan-2013 18:00,0,0.0,0,6.2,0,4.9,3.0,7.6,80,1009.7
30-jan-2013 19:00,0,0.0,0,5.8,0,4.4,2.5,7.3,79,1009.7
30-jan-2013 20:00,0,0.0,0,5.6,0,4.2,2.1,7.1,78,1009.6
30-jan-2013 21:00,0,0.0,0,5.9,0,4.3,1.9,7.0,75,1009.2
30-jan-2013 22:00,0,0.0,0,6.3,0,4.6,1.9,7.0,73,1008.9
30-jan-2013 23:00,0,0.0,0,8.2,0,6.6,4.5,8.4,77,1006.3
31-jan-2013 00:00,0,0.0,0,9.3,0,7.1,4.4,8.3,71,1003.7
31-jan-2013 01:00,0,2.3,0,8.2,0,7.3,6.2,9.5,87,1001.6
31-jan-2013 02:00,0,0.8,0,8.1,0,6.4,4.3,8.3,77,1000.7
31-jan-2013 03:00,0,0.0,0,7.7,0,5.9,3.5,7.9,74,1000.1
31-jan-2013 04:00,0,0.0,0,7.4,0,5.5,3.0,7.6,73,999.7
31-jan-2013 05:00,0,0.1,0,6.1,0,4.7,2.8,7.5,79,1000.1
31-jan-2013 06:00,0,0.0,0,6.1,0,4.5,2.1,7.1,75,1000.9
31-jan-2013 07:00,0,0.2,0,5.5,0,4.4,2.7,7.4,81,1001.4
31-jan-2013 08:00,0,0.3,0,4.4,0,3.5,2.1,7.1,85,1003.0
31-jan-2013 09:00,0,0.0,0,5.4,0,4.2,2.4,7.3,81,1004.0
31-jan-2013 10:00,0,0.0,0,6.1,0,4.7,2.8,7.5,79,1004.9
31-jan-2013 11:00,0,0.0,0,7.4,0,5.7,3.3,7.7,75,1005.7
31-jan-2013 12:00,0,0.1,0,7.6,0,6.0,3.9,8.0,77,1006.1
31-jan-2013 13:00,0,0.0,0,8.4,0,6.3,3.6,7.9,71,1006.3
31-jan-2013 14:00,0,0.1,0,8.7,0,6.8,4.3,8.3,73,1006.6
31-jan-2013 15:00,0,2.5,0,5.8,0,5.1,4.2,8.2,89,1006.8
31-jan-2013 16:00,0,0.5,0,6.3,0,4.9,3.1,7.6,79,1007.5
31-jan-2013 17:00,0,0.2,0,6.7,0,5.5,3.8,8.0,81,1007.5
31-jan-2013 18:00,0,0.0,0,6.5,0,4.8,2.5,7.3,75,1007.5
31-jan-2013 19:00,0,0.0,0,5.6,0,4.4,2.7,7.4,81,1007.7
31-jan-2013 20:00,0,0.0,0,5.6,0,4.2,2.2,7.2,79,1007.8
31-jan-2013 21:00,0,0.0,0,5.4,0,4.3,2.8,7.5,83,1007.3
31-jan-2013 22:00,0,0.0,0,5.3,0,4.2,2.4,7.3,81,1006.7
31-jan-2013 23:00,0,0.0,0,5.6,0,4.5,2.9,7.5,82,1006.2
