Time_hour,Rain,Temp,windSpeed
2012-11-06 00:00:00,0.0,2.6,3.4
2012-11-06 01:00:00,0.0,2.8,3.29
2012-11-06 02:00:00,0.0,3.4,4.12
2012-11-06 03:00:00,0.0,4.6,4.52
2012-11-06 04:00:00,0.0,4.9,4.85
2012-11-06 05:00:00,0.0,5.4,5.02
2012-11-06 06:00:00,0.0,6.0,6.33
2012-11-06 07:00:00,0.1,6.6,6.42
2012-11-06 08:00:00,0.0,6.8,6.34
2012-11-06 09:00:00,0.0,7.7,7.3
2012-11-06 10:00:00,0.0,8.5,7.53
2012-11-06 11:00:00,0.0,10.3,8.11
2012-11-06 12:00:00,0.0,11.3,8.53
2012-11-06 13:00:00,0.0,11.1,7.95
2012-11-06 14:00:00,0.0,10.9,8.07
2012-11-06 15:00:00,0.0,10.3,8.33
2012-11-06 16:00:00,0.0,9.4,7.11
2012-11-06 17:00:00,0.0,8.8,6.66
2012-11-06 18:00:00,0.0,8.2,7.59
2012-11-06 19:00:00,0.0,7.8,7.27
2012-11-06 20:00:00,0.0,8.6,6.69
2012-11-06 21:00:00,0.0,8.5,7.96
2012-11-06 22:00:00,0.0,8.3,8.11
2012-11-06 23:00:00,0.0,8.2,7.81
2012-11-07 00:00:00,0.0,8.1,3.4
2012-11-07 01:00:00,0.0,8.3,3.29
2012-11-07 02:00:00,0.0,8.5,4.12
2012-11-07 03:00:00,0.0,8.6,4.52
2012-11-07 04:00:00,0.0,8.5,4.85
2012-11-07 05:00:00,0.0,8.7,5.02
2012-11-07 06:00:00,0.0,8.8,6.33
2012-11-07 07:00:00,0.0,8.7,6.42
2012-11-07 08:00:00,0.0,8.9,6.34
2012-11-07 09:00:00,0.0,9.1,7.3
2012-11-07 10:00:00,0.0,8.9,7.53
2012-11-07 11:00:00,0.0,10.2,8.11
2012-11-07 12:00:00,0.0,10.8,8.53
2012-11-07 13:00:00,0.0,10.9,7.95
2012-11-07 14:00:00,0.0,10.9,8.07
2012-11-07 15:00:00,0.0,11.0,8.33
2012-11-07 16:00:00,0.0,11.1,7.11
2012-11-07 17:00:00,0.1,9.9,6.66
2012-11-07 18:00:00,0.0,10.3,7.59
2012-11-07 19:00:00,0.0,9.9,7.27
2012-11-07 20:00:00,0.0,9.3,6.69
2012-11-07 21:00:00,0.0,9.0,7.96
2012-11-07 22:00:00,0.0,8.9,8.11
2012-11-07 23:00:00,0.1,8.8,7.81
2012-11-08 00:00:00,0.0,9.1,7.55
2012-11-08 01:00:00,0.0,8.9,8.04
2012-11-08 02:00:00,0.0,8.5,7.61
2012-11-08 03:00:00,0.0,7.9,7.19
2012-11-08 04:00:00,0.0,8.2,7.11
2012-11-08 05:00:00,0.0,7.9,6.37
2012-11-08 06:00:00,0.0,7.6,6.5
2012-11-08 07:00:00,0.0,7.1,6.62
2012-11-08 08:00:00,0.0,7.5,7.05
2012-11-08 09:00:00,0.0,7.5,6.92
2012-11-08 10:00:00,0.0,8.9,7.01
2012-11-08 11:00:00,0.0,10.2,8.62
2012-11-08 12:00:00,0.0,10.8,8.73
2012-11-08 13:00:00,0.0,10.5,8.33
2012-11-08 14:00:00,0.0,10.7,7.6
2012-11-08 15:00:00,0.0,10.4,7.96
2012-11-08 16:00:00,0.0,9.9,7.96
2012-11-08 17:00:00,0.0,8.7,7.98
2012-11-08 18:00:00,0.0,8.8,8.04
2012-11-08 19:00:00,0.0,7.9,7.71
2012-11-08 20:00:00,0.0,8.5,7.74
2012-11-08 21:00:00,0.0,7.8,8.21
2012-11-08 22:00:00,0.0,7.9,8.17
2012-11-08 23:00:00,0.0,7.8,8.06
2012-11-09 00:00:00,0.0,8.3,6.85
2012-11-09 01:00:00,0.0,8.3,7.86
2012-11-09 02:00:00,0.0,8.8,6.79
2012-11-09 03:00:00,0.0,8.7,7.23
2012-11-09 04:00:00,0.1,8.5,7.52
2012-11-09 05:00:00,0.7,8.3,6.84
2012-11-09 06:00:00,0.9,8.4,6.66
2012-11-09 07:00:00,1.0,8.5,5.5
2012-11-09 08:00:00,0.4,8.9,5.58
2012-11-09 09:00:00,0.6,9.3,5.67
2012-11-09 10:00:00,0.1,9.7,6.3
2012-11-09 11:00:00,0.8,8.6,5.91
2012-11-09 12:00:00,0.5,8.5,6.06
2012-11-09 13:00:00,0.0,8.8,6.23
2012-11-09 14:00:00,0.0,9.3,5.9
2012-11-09 15:00:00,0.0,8.7,5.44
2012-11-09 16:00:00,0.0,8.6,5.23
2012-11-09 17:00:00,0.0,8.1,4.58
2012-11-09 18:00:00,0.0,7.2,4.77
2012-11-09 19:00:00,0.0,6.9,4.6
2012-11-09 20:00:00,0.0,6.4,5.02
2012-11-09 21:00:00,0.0,5.6,5.4
2012-11-09 22:00:00,0.0,6.0,6.6
2012-11-09 23:00:00,0.0,5.6,6.37
2012-11-10 00:00:00,0.0,4.9,7.6
2012-11-10 01:00:00,0.0,4.8,7.05
2012-11-10 02:00:00,0.0,4.3,6.64
2012-11-10 03:00:00,0.0,3.8,7.37
2012-11-10 04:00:00,0.0,3.2,7.19
2012-11-10 05:00:00,0.0,3.6,7.23
2012-11-10 06:00:00,0.0,4.0,7.57
2012-11-10 07:00:00,0.1,3.4,7.43
2012-11-10 08:00:00,0.0,2.6,8.24
2012-11-10 09:00:00,0.0,5.7,7.64
2012-11-10 10:00:00,0.0,5.9,7.58
2012-11-10 11:00:00,0.0,6.6,6.94
2012-11-10 12:00:00,0.0,7.0,6.37
2012-11-10 13:00:00,0.0,8.8,6.5
2012-11-10 14:00:00,0.1,7.5,6.7
2012-11-10 15:00:00,0.0,6.9,6.46
2012-11-10 16:00:00,0.0,6.3,6.03
2012-11-10 17:00:00,0.0,4.8,6.27
2012-11-10 18:00:00,0.0,3.0,5.56
2012-11-10 19:00:00,0.0,4.2,5.62
2012-11-10 20:00:00,0.0,3.9,5.41
2012-11-10 21:00:00,0.0,3.6,4.68
2012-11-10 22:00:00,0.0,3.2,4.39
2012-11-10 23:00:00,0.0,2.7,4.99
2012-11-11 00:00:00,0.0,2.4,5.05
2012-11-11 01:00:00,0.0,2.3,5.32
2012-11-11 02:00:00,0.0,2.2,5.32
2012-11-11 03:00:00,0.0,2.0,5.06
2012-11-11 04:00:00,0.0,2.0,4.95
2012-11-11 05:00:00,0.0,1.8,5.08
2012-11-11 06:00:00,0.0,2.1,5.11
2012-11-11 07:00:00,0.0,2.4,5.1
2012-11-11 08:00:00,0.0,2.2,5.63
2012-11-11 09:00:00,0.0,2.6,5.76
2012-11-11 10:00:00,0.0,4.9,5.67
2012-11-11 11:00:00,0.0,6.9,5.48
2012-11-11 12:00:00,0.0,7.3,5.32
2012-11-11 13:00:00,0.0,8.5,5.68
2012-11-11 14:00:00,0.0,8.4,4.88
2012-11-11 15:00:00,0.0,8.2,4.63
2012-11-11 16:00:00,0.0,7.8,3.43
2012-11-11 17:00:00,0.0,7.0,3.33
2012-11-11 18:00:00,0.0,7.2,3.37
2012-11-11 19:00:00,0.0,7.0,3.84
2012-11-11 20:00:00,0.0,6.8,3.64
2012-11-11 21:00:00,0.2,6.7,3.98
2012-11-11 22:00:00,0.2,6.5,3.89
2012-11-11 23:00:00,0.2,6.3,4.07
2012-11-12 00:00:00,0.0,6.2,4.12
2012-11-12 01:00:00,0.0,6.9,5.0
2012-11-12 02:00:00,0.0,7.3,4.63
2012-11-12 03:00:00,0.0,7.4,5.05
2012-11-12 04:00:00,0.0,9.3,3.64
2012-11-12 05:00:00,0.4,10.0,3.46
2012-11-12 06:00:00,0.2,10.2,4.43
2012-11-12 07:00:00,0.5,10.5,4.47
2012-11-12 08:00:00,0.2,11.3,4.38
2012-11-12 09:00:00,0.0,11.9,3.96
2012-11-12 10:00:00,0.0,12.5,4.27
2012-11-12 11:00:00,0.0,13.2,4.42
2012-11-12 12:00:00,0.0,13.2,4.67
2012-11-12 13:00:00,0.0,13.6,4.27
2012-11-12 14:00:00,0.0,13.9,4.07
2012-11-12 15:00:00,0.0,13.7,3.52
2012-11-12 16:00:00,0.0,13.1,3.16
2012-11-12 17:00:00,0.0,12.8,3.72
2012-11-12 18:00:00,0.0,12.4,3.33
2012-11-12 19:00:00,0.0,13.3,3.08
2012-11-12 20:00:00,0.0,12.5,3.51
2012-11-12 21:00:00,0.0,12.3,3.05
2012-11-12 22:00:00,0.0,12.6,2.57
2012-11-12 23:00:00,0.0,12.4,4.89
2012-11-13 00:00:00,0.0,12.7,2.82
2012-11-13 01:00:00,0.1,12.8,4.45
2012-11-13 02:00:00,0.0,12.9,4.87
2012-11-13 03:00:00,0.0,13.2,5.57
2012-11-13 04:00:00,0.0,13.1,5.67
2012-11-13 05:00:00,0.0,12.8,4.8
2012-11-13 06:00:00,0.0,13.0,5.13
2012-11-13 07:00:00,0.0,12.8,6.08
2012-11-13 08:00:00,0.0,12.7,6.42
2012-11-13 09:00:00,0.0,12.6,6.89
2012-11-13 10:00:00,0.0,13.1,5.9
2012-11-13 11:00:00,0.0,13.9,7.05
2012-11-13 12:00:00,0.0,13.7,6.35
2012-11-13 13:00:00,0.0,13.9,7.79
2012-11-13 14:00:00,0.0,13.8,7.35
2012-11-13 15:00:00,0.0,13.7,7.06
2012-11-13 16:00:00,0.0,13.4,7.63
2012-11-13 17:00:00,0.0,13.1,7.5
2012-11-13 18:00:00,0.0,12.6,7.1
2012-11-13 19:00:00,0.1,12.9,6.65
2012-11-13 20:00:00,0.0,12.7,7.03
2012-11-13 21:00:00,0.0,12.7,6.83
2012-11-13 22:00:00,0.7,12.2,6.28
2012-11-13 23:00:00,0.1,12.3,6.25
2012-11-14 00:00:00,0.0,12.4,5.75
2012-11-14 01:00:00,0.0,12.6,5.97
2012-11-14 02:00:00,0.0,12.5,6.63
2012-11-14 03:00:00,0.0,12.6,8.67
2012-11-14 04:00:00,0.0,11.9,9.37
2012-11-14 05:00:00,0.0,11.7,10.14
2012-11-14 06:00:00,0.0,11.4,9.37
2012-11-14 07:00:00,0.0,11.1,8.72
2012-11-14 08:00:00,0.0,10.7,9.32
2012-11-14 09:00:00,0.0,11.4,10.15
2012-11-14 10:00:00,0.0,12.1,10.2
2012-11-14 11:00:00,0.0,13.0,9.87
2012-11-14 12:00:00,0.0,13.5,10.79
2012-11-14 13:00:00,0.0,13.8,10.0
2012-11-14 14:00:00,0.0,13.1,9.8
2012-11-14 15:00:00,0.0,12.9,9.29
2012-11-14 16:00:00,0.0,12.0,9.06
2012-11-14 17:00:00,0.0,10.3,7.81
2012-11-14 18:00:00,0.0,8.7,7.41
2012-11-14 19:00:00,0.0,7.5,7.5
2012-11-14 20:00:00,0.0,7.5,6.93
2012-11-14 21:00:00,0.0,8.0,6.36
2012-11-14 22:00:00,0.0,7.2,6.3
2012-11-14 23:00:00,0.0,6.1,5.65
2012-11-15 00:00:00,0.0,6.8,6.75
2012-11-15 01:00:00,0.0,7.6,6.95
2012-11-15 02:00:00,0.0,7.6,5.99
2012-11-15 03:00:00,0.0,7.7,5.72
2012-11-15 04:00:00,0.0,8.1,4.94
2012-11-15 05:00:00,0.0,8.2,5.43
2012-11-15 06:00:00,0.0,8.4,6.07
2012-11-15 07:00:00,0.0,7.5,5.7
2012-11-15 08:00:00,0.0,7.8,5.23
2012-11-15 09:00:00,0.0,8.3,4.09
2012-11-15 10:00:00,0.0,9.7,4.83
2012-11-15 11:00:00,0.0,12.5,5.36
2012-11-15 12:00:00,0.0,12.7,5.36
2012-11-15 13:00:00,0.0,12.5,5.48
2012-11-15 14:00:00,0.0,12.1,4.91
2012-11-15 15:00:00,0.0,11.7,3.82
2012-11-15 16:00:00,0.0,11.1,2.74
2012-11-15 17:00:00,0.0,10.2,2.23
2012-11-15 18:00:00,0.0,8.7,2.36
2012-11-15 19:00:00,0.0,7.4,2.07
2012-11-15 20:00:00,0.0,8.1,2.32
2012-11-15 21:00:00,0.0,8.8,1.92
2012-11-15 22:00:00,0.0,8.2,2.24
2012-11-15 23:00:00,0.0,6.5,1.24
2012-11-16 00:00:00,0.0,5.9,1.64
2012-11-16 01:00:00,0.0,6.7,2.59
2012-11-16 02:00:00,0.0,5.1,2.44
2012-11-16 03:00:00,0.0,5.1,1.58
2012-11-16 04:00:00,0.0,4.7,1.63
2012-11-16 05:00:00,0.0,4.3,1.41
2012-11-16 06:00:00,0.0,4.8,2.0
2012-11-16 07:00:00,0.0,5.4,1.44
2012-11-16 08:00:00,0.0,5.1,1.53
2012-11-16 09:00:00,0.0,4.6,2.11
2012-11-16 10:00:00,0.0,5.2,2.3
2012-11-16 11:00:00,0.0,6.5,2.47
2012-11-16 12:00:00,0.0,7.3,2.92
2012-11-16 13:00:00,0.0,8.0,3.94
2012-11-16 14:00:00,0.0,7.7,3.75
2012-11-16 15:00:00,0.0,8.1,3.62
2012-11-16 16:00:00,0.0,8.1,3.13
2012-11-16 17:00:00,0.0,7.9,3.4
2012-11-16 18:00:00,0.0,7.5,3.36
2012-11-16 19:00:00,0.0,7.4,2.98
2012-11-16 20:00:00,0.0,7.4,2.99
2012-11-16 21:00:00,0.0,6.8,3.3
2012-11-16 22:00:00,0.0,6.7,2.59
2012-11-16 23:00:00,0.1,6.6,2.52
2012-11-17 00:00:00,0.3,6.5,3.16
2012-11-17 01:00:00,0.0,6.4,3.22
2012-11-17 02:00:00,0.0,6.6,2.91
2012-11-17 03:00:00,0.1,6.6,2.68
2012-11-17 04:00:00,0.0,6.1,2.6
2012-11-17 05:00:00,0.0,5.0,2.44
2012-11-17 06:00:00,0.0,4.6,2.21
2012-11-17 07:00:00,0.0,4.2,2.28
2012-11-17 08:00:00,0.0,3.7,2.04
2012-11-17 09:00:00,0.0,3.6,3.16
2012-11-17 10:00:00,0.0,5.8,2.07
2012-11-17 11:00:00,0.0,6.7,2.47
2012-11-17 12:00:00,0.0,7.2,2.37
2012-11-17 13:00:00,0.0,7.3,3.07
2012-11-17 14:00:00,0.0,7.3,2.55
2012-11-17 15:00:00,0.0,7.1,2.76
2012-11-17 16:00:00,0.0,6.4,2.55
2012-11-17 17:00:00,0.4,3.8,3.18
2012-11-17 18:00:00,0.0,3.1,2.37
2012-11-17 19:00:00,0.0,3.5,2.56
2012-11-17 20:00:00,0.0,3.5,2.76
2012-11-17 21:00:00,0.1,3.4,3.09
2012-11-17 22:00:00,0.0,3.3,2.84
2012-11-17 23:00:00,0.0,3.1,2.49
2012-11-18 00:00:00,0.0,2.8,2.07
2012-11-18 01:00:00,0.0,2.5,2.08
2012-11-18 02:00:00,0.0,1.6,1.93
2012-11-18 03:00:00,0.0,0.5,2.05
2012-11-18 04:00:00,0.0,-0.2,2.23
2012-11-18 05:00:00,0.0,0.0,2.25
2012-11-18 06:00:00,0.0,0.0,3.29
2012-11-18 07:00:00,0.0,0.1,2.95
2012-11-18 08:00:00,0.0,-0.3,4.05
2012-11-18 09:00:00,0.0,0.1,4.8
2012-11-18 10:00:00,0.0,2.6,5.44
2012-11-18 11:00:00,0.0,5.3,5.83
2012-11-18 12:00:00,0.0,7.0,6.1
2012-11-18 13:00:00,0.0,7.7,6.7
2012-11-18 14:00:00,0.0,7.9,6.58
2012-11-18 15:00:00,0.0,7.4,6.25
2012-11-18 16:00:00,0.1,7.1,4.71
2012-11-18 17:00:00,0.7,6.4,4.99
2012-11-18 18:00:00,0.9,6.7,5.45
2012-11-18 19:00:00,0.6,6.6,5.01
2012-11-18 20:00:00,0.3,7.5,5.13
2012-11-18 21:00:00,0.2,9.1,5.9
2012-11-18 22:00:00,0.5,9.5,4.88
2012-11-18 23:00:00,0.1,10.8,5.06
2012-11-19 00:00:00,0.0,11.5,4.38
2012-11-19 01:00:00,0.0,11.7,4.02
2012-11-19 02:00:00,0.0,11.9,3.82
2012-11-19 03:00:00,0.0,11.9,3.71
2012-11-19 04:00:00,0.3,11.9,2.99
2012-11-19 05:00:00,0.7,11.6,2.92
2012-11-19 06:00:00,0.7,11.8,3.2
2012-11-19 07:00:00,0.1,12.1,3.25
2012-11-19 08:00:00,0.0,12.6,2.4
2012-11-19 09:00:00,0.0,12.8,2.78
2012-11-19 10:00:00,0.0,13.1,2.56
2012-11-19 11:00:00,0.0,13.9,2.54
2012-11-19 12:00:00,0.0,14.4,3.06
2012-11-19 13:00:00,0.0,13.4,3.28
2012-11-19 14:00:00,0.0,13.3,3.7
2012-11-19 15:00:00,0.0,12.9,3.85
2012-11-19 16:00:00,0.0,12.5,3.89
2012-11-19 17:00:00,0.0,12.2,3.56
2012-11-19 18:00:00,0.0,11.2,5.41
2012-11-19 19:00:00,0.0,10.9,7.53
2012-11-19 20:00:00,0.0,10.3,9.95
2012-11-19 21:00:00,0.0,10.7,9.41
2012-11-19 22:00:00,0.0,9.8,11.23
2012-11-19 23:00:00,0.0,10.6,10.2
2012-11-20 00:00:00,0.0,9.9,10.36
2012-11-20 01:00:00,0.0,10.8,10.91
2012-11-20 02:00:00,0.0,10.9,11.33
2012-11-20 03:00:00,0.0,11.3,10.67
2012-11-20 04:00:00,0.0,11.0,10.73
2012-11-20 05:00:00,0.0,12.1,10.82
2012-11-20 06:00:00,0.0,12.3,11.14
2012-11-20 07:00:00,0.0,12.2,10.19
2012-11-20 08:00:00,0.0,12.6,9.96
2012-11-20 09:00:00,0.0,12.8,9.28
2012-11-20 10:00:00,0.0,13.0,9.42
2012-11-20 11:00:00,0.0,12.5,9.34
2012-11-20 12:00:00,0.0,12.1,9.75
2012-11-20 13:00:00,0.0,12.4,9.01
2012-11-20 14:00:00,0.0,12.1,8.86
2012-11-20 15:00:00,0.0,11.4,8.65
2012-11-20 16:00:00,0.0,10.4,7.0
2012-11-20 17:00:00,0.0,9.5,7.25
2012-11-20 18:00:00,0.0,9.1,5.65
2012-11-20 19:00:00,0.0,8.6,7.15
2012-11-20 20:00:00,0.0,7.6,6.09
2012-11-20 21:00:00,0.0,7.1,5.93
2012-11-20 22:00:00,0.0,7.3,5.68
2012-11-20 23:00:00,0.0,7.1,5.93
2012-11-21 00:00:00,0.0,6.8,5.78
2012-11-21 01:00:00,0.0,6.0,5.12
2012-11-21 02:00:00,0.0,5.4,5.56
2012-11-21 03:00:00,0.0,5.4,5.76
2012-11-21 04:00:00,0.0,4.9,4.87
2012-11-21 05:00:00,0.0,4.9,4.98
2012-11-21 06:00:00,0.0,4.6,5.98
2012-11-21 07:00:00,0.0,3.6,7.63
2012-11-21 08:00:00,0.0,3.2,6.91
2012-11-21 09:00:00,0.0,3.4,6.7
2012-11-21 10:00:00,0.0,6.6,7.72
2012-11-21 11:00:00,0.0,9.8,8.89
2012-11-21 12:00:00,0.0,10.2,8.35
2012-11-21 13:00:00,0.0,10.1,8.65
2012-11-21 14:00:00,0.0,9.5,10.81
2012-11-21 15:00:00,0.0,9.3,9.02
2012-11-21 16:00:00,0.0,8.9,10.24
2012-11-21 17:00:00,0.0,8.6,9.85
2012-11-21 18:00:00,0.0,9.5,10.21
2012-11-21 19:00:00,0.0,10.4,10.07
2012-11-21 20:00:00,0.3,10.2,8.36
2012-11-21 21:00:00,2.2,8.9,6.71
2012-11-21 22:00:00,0.0,8.7,5.67
2012-11-21 23:00:00,0.1,10.0,4.81
2012-11-22 00:00:00,0.0,11.0,3.76
2012-11-22 01:00:00,0.0,11.1,3.63
2012-11-22 02:00:00,0.0,11.5,3.55
2012-11-22 03:00:00,0.0,11.6,2.45
2012-11-22 04:00:00,0.2,11.8,3.19
2012-11-22 05:00:00,0.0,12.2,2.6
2012-11-22 06:00:00,0.0,12.0,3.35
2012-11-22 07:00:00,0.7,10.8,2.92
2012-11-22 08:00:00,1.4,10.0,3.15
2012-11-22 09:00:00,2.3,7.8,3.5
2012-11-22 10:00:00,1.0,7.0,4.27
2012-11-22 11:00:00,0.1,7.2,4.26
2012-11-22 12:00:00,0.0,7.0,5.24
2012-11-22 13:00:00,0.5,6.4,6.39
2012-11-22 14:00:00,0.7,6.0,6.33
2012-11-22 15:00:00,0.1,6.3,6.8
2012-11-22 16:00:00,0.0,6.2,6.69
2012-11-22 17:00:00,0.0,6.2,6.92
2012-11-22 18:00:00,0.0,6.4,7.92
2012-11-22 19:00:00,0.0,7.1,8.08
2012-11-22 20:00:00,0.0,6.5,8.78
2012-11-22 21:00:00,0.0,5.8,6.11
2012-11-22 22:00:00,0.0,5.5,7.18
2012-11-22 23:00:00,0.0,5.4,7.32
2012-11-23 00:00:00,0.0,5.6,7.56
2012-11-23 01:00:00,0.0,5.3,7.26
2012-11-23 02:00:00,0.0,5.5,7.24
2012-11-23 03:00:00,0.0,5.0,8.82
2012-11-23 04:00:00,0.0,5.0,11.32
2012-11-23 05:00:00,0.0,4.5,11.65
2012-11-23 06:00:00,0.0,4.7,10.09
2012-11-23 07:00:00,0.0,3.9,8.69
2012-11-23 08:00:00,0.0,4.7,9.25
2012-11-23 09:00:00,0.0,5.2,8.35
2012-11-23 10:00:00,0.0,5.9,7.5
2012-11-23 11:00:00,0.0,6.9,7.31
2012-11-23 12:00:00,0.0,7.6,7.63
2012-11-23 13:00:00,0.0,7.6,6.48
2012-11-23 14:00:00,0.0,7.3,6.66
2012-11-23 15:00:00,0.0,7.1,7.78
2012-11-23 16:00:00,0.0,6.2,8.19
2012-11-23 17:00:00,0.0,5.3,8.76
2012-11-23 18:00:00,0.0,3.9,8.99
2012-11-23 19:00:00,0.0,3.0,8.95
2012-11-23 20:00:00,0.0,2.8,9.81
2012-11-23 21:00:00,0.0,2.9,8.99
2012-11-23 22:00:00,0.0,1.4,8.84
2012-11-23 23:00:00,0.0,0.9,8.65
2012-11-24 00:00:00,0.0,0.5,8.25
2012-11-24 01:00:00,0.0,1.5,7.8
2012-11-24 02:00:00,0.0,0.7,7.72
2012-11-24 03:00:00,0.0,0.0,7.21
2012-11-24 04:00:00,0.0,-0.6,7.39
2012-11-24 05:00:00,0.0,-0.8,7.12
2012-11-24 06:00:00,0.0,-0.9,6.32
2012-11-24 07:00:00,0.0,-1.4,6.75
2012-11-24 08:00:00,0.0,-0.8,6.2
2012-11-24 09:00:00,0.0,-0.8,6.4
2012-11-24 10:00:00,0.0,0.2,7.34
2012-11-24 11:00:00,0.0,1.6,7.2
2012-11-24 12:00:00,0.0,3.4,7.27
2012-11-24 13:00:00,0.0,3.9,7.64
2012-11-24 14:00:00,0.0,4.4,7.26
2012-11-24 15:00:00,0.0,4.6,6.2
2012-11-24 16:00:00,0.0,4.3,5.7
2012-11-24 17:00:00,0.0,4.6,5.43
2012-11-24 18:00:00,0.0,4.9,4.64
2012-11-24 19:00:00,0.8,5.1,4.06
2012-11-24 20:00:00,0.9,4.7,4.26
2012-11-24 21:00:00,1.2,4.3,4.0
2012-11-24 22:00:00,1.2,4.5,3.87
2012-11-24 23:00:00,1.1,4.3,3.29
2012-11-25 00:00:00,0.3,4.2,3.49
2012-11-25 01:00:00,0.0,4.1,3.18
2012-11-25 02:00:00,0.0,3.9,2.49
2012-11-25 03:00:00,0.0,3.9,1.93
2012-11-25 04:00:00,0.0,2.9,1.94
2012-11-25 05:00:00,0.0,1.8,0.9
2012-11-25 06:00:00,0.0,1.5,1.73
2012-11-25 07:00:00,0.0,1.4,1.6
2012-11-25 08:00:00,0.0,0.4,0.77
2012-11-25 09:00:00,0.0,0.0,0.36
2012-11-25 10:00:00,0.0,1.7,0.77
2012-11-25 11:00:00,0.0,4.1,1.48
2012-11-25 12:00:00,0.0,3.9,1.44
2012-11-25 13:00:00,0.0,5.2,2.17
2012-11-25 14:00:00,0.0,5.9,2.38
2012-11-25 15:00:00,0.2,5.2,2.29
2012-11-25 16:00:00,2.0,5.1,2.67
2012-11-25 17:00:00,4.6,5.1,1.88
2012-11-25 18:00:00,1.4,4.8,2.87
2012-11-25 19:00:00,0.8,5.1,1.94
2012-11-25 20:00:00,0.9,5.7,2.16
2012-11-25 21:00:00,2.8,5.6,2.11
2012-11-25 22:00:00,3.7,5.0,2.38
2012-11-25 23:00:00,2.7,4.9,2.43
2012-11-26 00:00:00,1.9,4.9,2.39
2012-11-26 01:00:00,2.0,4.9,1.89
2012-11-26 02:00:00,2.8,4.8,1.21
2012-11-26 03:00:00,2.1,4.8,2.19
2012-11-26 04:00:00,0.7,4.9,2.57
2012-11-26 05:00:00,0.3,5.1,3.48
2012-11-26 06:00:00,0.0,5.1,5.02
2012-11-26 07:00:00,0.0,5.1,4.39
2012-11-26 08:00:00,0.0,5.2,4.69
2012-11-26 09:00:00,0.2,5.1,4.7
2012-11-26 10:00:00,0.0,5.6,3.07
2012-11-26 11:00:00,0.0,5.7,3.86
2012-11-26 12:00:00,0.0,6.8,3.54
2012-11-26 13:00:00,0.0,6.5,1.24
2012-11-26 14:00:00,0.0,7.6,1.43
2012-11-26 15:00:00,0.0,7.1,0.39
2012-11-26 16:00:00,0.1,6.4,0.41
2012-11-26 17:00:00,0.0,6.6,1.89
2012-11-26 18:00:00,0.0,6.6,2.44
2012-11-26 19:00:00,0.0,5.9,2.69
2012-11-26 20:00:00,0.0,5.2,2.91
2012-11-26 21:00:00,0.0,4.7,4.19
2012-11-26 22:00:00,0.0,4.6,4.83
2012-11-26 23:00:00,0.0,4.3,4.2
2012-11-27 00:00:00,0.0,4.4,4.38
2012-11-27 01:00:00,0.0,3.9,3.33
2012-11-27 02:00:00,0.0,3.9,4.55
2012-11-27 03:00:00,0.0,3.5,4.96
2012-11-27 04:00:00,0.0,3.1,4.91
2012-11-27 05:00:00,0.0,3.3,5.68
2012-11-27 06:00:00,0.0,3.6,4.72
2012-11-27 07:00:00,0.0,3.9,5.11
2012-11-27 08:00:00,0.0,3.6,4.87
2012-11-27 09:00:00,0.0,3.7,5.38
2012-11-27 10:00:00,0.0,4.9,5.57
2012-11-27 11:00:00,0.0,5.4,5.15
2012-11-27 12:00:00,0.0,6.4,5.77
2012-11-27 13:00:00,0.0,6.7,6.35
2012-11-27 14:00:00,0.0,6.6,7.39
2012-11-27 15:00:00,0.0,6.3,5.78
2012-11-27 16:00:00,0.0,5.3,4.71
2012-11-27 17:00:00,0.0,3.5,5.48
2012-11-27 18:00:00,0.0,3.1,5.15
2012-11-27 19:00:00,0.0,2.2,5.26
2012-11-27 20:00:00,0.0,1.9,4.71
2012-11-27 21:00:00,0.0,1.7,4.34
2012-11-27 22:00:00,0.0,1.0,5.08
2012-11-27 23:00:00,0.0,1.4,5.48
2012-11-28 00:00:00,0.0,1.5,5.07
2012-11-28 01:00:00,0.0,1.1,5.33
2012-11-28 02:00:00,0.0,0.5,5.05
2012-11-28 03:00:00,0.0,0.2,5.61
2012-11-28 04:00:00,0.0,-0.1,4.51
2012-11-28 05:00:00,0.0,-0.4,5.01
2012-11-28 06:00:00,0.0,-0.4,5.35
2012-11-28 07:00:00,0.0,-0.2,5.25
2012-11-28 08:00:00,0.0,-0.4,4.9
2012-11-28 09:00:00,0.0,-0.7,4.31
2012-11-28 10:00:00,0.0,0.6,5.34
2012-11-28 11:00:00,,,5.12
2012-11-28 12:00:00,,,5.05
2012-11-28 13:00:00,,5.3,4.56
2012-11-28 14:00:00,0.0,5.2,4.5
2012-11-28 15:00:00,0.0,5.2,3.7
2012-11-28 16:00:00,0.0,4.3,2.88
2012-11-28 17:00:00,0.0,2.7,3.51
2012-11-28 18:00:00,0.0,1.8,2.64
2012-11-28 19:00:00,0.0,1.7,2.26
2012-11-28 20:00:00,0.0,0.8,2.61
2012-11-28 21:00:00,0.0,0.7,2.3
2012-11-28 22:00:00,0.0,0.5,2.68
2012-11-28 23:00:00,0.0,0.5,3.04
2012-11-29 00:00:00,0.0,0.6,2.7
2012-11-29 01:00:00,0.0,-0.3,2.47
2012-11-29 02:00:00,0.0,-0.3,3.37
2012-11-29 03:00:00,0.0,-0.2,2.31
2012-11-29 04:00:00,0.0,-0.1,2.52
2012-11-29 05:00:00,0.0,-0.2,2.33
2012-11-29 06:00:00,0.0,0.0,2.23
2012-11-29 07:00:00,0.0,0.2,2.4
2012-11-29 08:00:00,0.0,-0.4,2.7
2012-11-29 09:00:00,0.0,0.6,1.97
2012-11-29 10:00:00,0.0,1.4,2.36
2012-11-29 11:00:00,0.0,2.6,2.21
2012-11-29 12:00:00,0.0,4.0,3.0
2012-11-29 13:00:00,,4.2,3.29
2012-11-29 14:00:00,0.0,4.4,3.96
2012-11-29 15:00:00,0.0,3.8,3.14
2012-11-29 16:00:00,0.0,3.2,3.02
2012-11-29 17:00:00,0.0,2.7,2.74
2012-11-29 18:00:00,0.0,2.5,2.15
2012-11-29 19:00:00,0.0,1.9,2.38
2012-11-29 20:00:00,0.0,1.5,2.7
2012-11-29 21:00:00,0.0,1.5,3.03
2012-11-29 22:00:00,0.0,1.0,2.21
2012-11-29 23:00:00,0.0,0.7,2.86
2012-11-30 00:00:00,0.0,0.7,2.18
2012-11-30 01:00:00,0.0,0.0,2.62
2012-11-30 02:00:00,0.0,-0.6,1.71
2012-11-30 03:00:00,0.0,0.1,1.95
2012-11-30 04:00:00,0.0,0.2,1.72
2012-11-30 05:00:00,0.0,0.2,1.86
2012-11-30 06:00:00,0.0,0.6,2.17
2012-11-30 07:00:00,0.0,-0.1,1.88
2012-11-30 08:00:00,0.0,-0.9,1.36
2012-11-30 09:00:00,0.0,0.2,1.34
2012-11-30 10:00:00,0.0,0.9,1.35
2012-11-30 11:00:00,0.0,2.4,1.97
2012-11-30 12:00:00,0.0,5.8,1.88
2012-11-30 13:00:00,0.0,7.5,1.35
2012-11-30 14:00:00,0.0,7.5,1.76
2012-11-30 15:00:00,0.0,6.5,1.64
2012-11-30 16:00:00,0.0,6.4,1.01
2012-11-30 17:00:00,0.0,5.1,1.21
2012-11-30 18:00:00,0.0,3.9,2.04
2012-11-30 19:00:00,0.0,1.6,1.58
2012-11-30 20:00:00,0.0,1.3,1.17
2012-11-30 21:00:00,0.0,0.4,1.93
2012-11-30 22:00:00,0.0,0.6,1.27
2012-11-30 23:00:00,0.0,1.1,1.36
2012-12-01 00:00:00,0.0,1.1,1.3
2012-12-01 01:00:00,0.0,0.6,1.09
2012-12-01 02:00:00,0.0,0.9,1.2
2012-12-01 03:00:00,0.0,1.8,1.31
2012-12-01 04:00:00,0.0,2.4,1.23
2012-12-01 05:00:00,0.0,3.0,1.03
2012-12-01 06:00:00,0.0,2.8,0.29
2012-12-01 07:00:00,0.0,3.2,1.07
2012-12-01 08:00:00,0.0,2.6,0.58
2012-12-01 09:00:00,0.0,2.0,0.83
2012-12-01 10:00:00,0.0,2.6,1.45
2012-12-01 11:00:00,0.0,4.0,1.28
2012-12-01 12:00:00,0.0,4.7,1.58
2012-12-01 13:00:00,0.0,4.8,1.25
2012-12-01 14:00:00,0.0,5.0,0.69
2012-12-01 15:00:00,0.0,4.8,1.0
2012-12-01 16:00:00,0.0,3.5,0.96
2012-12-01 17:00:00,0.0,2.5,0.55
2012-12-01 18:00:00,0.0,2.3,0.78
2012-12-01 19:00:00,0.0,1.1,1.97
2012-12-01 20:00:00,0.0,1.1,1.89
2012-12-01 21:00:00,0.0,0.7,2.8
2012-12-01 22:00:00,0.0,0.5,2.86
2012-12-01 23:00:00,0.0,0.6,3.15
2012-12-02 00:00:00,0.0,0.0,3.47
2012-12-02 01:00:00,0.0,0.2,4.74
2012-12-02 02:00:00,0.0,0.0,4.65
2012-12-02 03:00:00,0.0,0.1,4.6
2012-12-02 04:00:00,0.0,-0.5,4.64
2012-12-02 05:00:00,0.0,-0.7,4.39
2012-12-02 06:00:00,0.0,0.7,3.96
2012-12-02 07:00:00,0.0,1.0,3.71
2012-12-02 08:00:00,0.0,0.2,3.03
2012-12-02 09:00:00,0.0,0.8,3.12
2012-12-02 10:00:00,0.0,1.5,3.53
2012-12-02 11:00:00,0.0,2.7,3.6
2012-12-02 12:00:00,0.3,3.6,3.51
2012-12-02 13:00:00,0.3,4.2,3.55
2012-12-02 14:00:00,0.0,4.6,2.95
2012-12-02 15:00:00,0.6,4.6,3.04
2012-12-02 16:00:00,0.4,5.0,3.14
2012-12-02 17:00:00,0.5,5.3,3.29
2012-12-02 18:00:00,0.8,5.5,3.0
2012-12-02 19:00:00,0.1,5.6,3.16
2012-12-02 20:00:00,0.1,8.7,2.88
2012-12-02 21:00:00,0.4,9.4,2.89
2012-12-02 22:00:00,0.2,9.8,2.71
2012-12-02 23:00:00,0.2,9.9,2.1
2012-12-03 00:00:00,0.0,9.8,2.17
2012-12-03 01:00:00,0.0,9.4,1.8
2012-12-03 02:00:00,0.0,8.3,2.15
2012-12-03 03:00:00,0.0,8.1,2.63
2012-12-03 04:00:00,0.0,7.8,1.01
2012-12-03 05:00:00,0.5,6.6,1.39
2012-12-03 06:00:00,0.0,5.7,0.6
2012-12-03 07:00:00,0.0,5.0,0.39
2012-12-03 08:00:00,0.0,4.2,0.88
2012-12-03 09:00:00,0.0,4.4,0.42
2012-12-03 10:00:00,0.0,4.8,0.88
2012-12-03 11:00:00,0.0,5.6,2.07
2012-12-03 12:00:00,0.0,6.2,2.38
2012-12-03 13:00:00,0.0,6.7,1.59
2012-12-03 14:00:00,0.0,6.0,2.79
2012-12-03 15:00:00,0.0,5.6,2.42
2012-12-03 16:00:00,0.0,4.8,2.05
2012-12-03 17:00:00,0.0,4.2,1.78
2012-12-03 18:00:00,0.0,3.7,2.7
2012-12-03 19:00:00,0.0,3.3,3.3
2012-12-03 20:00:00,0.0,2.8,4.04
2012-12-03 21:00:00,0.0,2.6,5.63
2012-12-03 22:00:00,0.0,2.5,6.12
2012-12-03 23:00:00,0.0,2.4,5.95
2012-12-04 00:00:00,0.0,2.5,6.26
2012-12-04 01:00:00,0.0,2.7,5.88
2012-12-04 02:00:00,0.1,2.8,5.8
2012-12-04 03:00:00,0.0,2.5,5.65
2012-12-04 04:00:00,0.0,2.2,7.02
2012-12-04 05:00:00,0.0,2.1,5.72
2012-12-04 06:00:00,0.0,2.4,6.18
2012-12-04 07:00:00,0.0,2.2,6.43
2012-12-04 08:00:00,0.0,2.4,6.74
2012-12-04 09:00:00,0.0,2.1,6.91
2012-12-04 10:00:00,0.0,2.8,7.04
2012-12-04 11:00:00,0.0,3.7,7.22
2012-12-04 12:00:00,0.0,4.6,7.77
2012-12-04 13:00:00,0.0,5.7,7.91
2012-12-04 14:00:00,0.0,5.5,7.26
2012-12-04 15:00:00,0.0,5.9,6.81
2012-12-04 16:00:00,0.0,5.8,7.35
2012-12-04 17:00:00,0.0,5.1,7.17
2012-12-04 18:00:00,0.0,4.7,6.56
2012-12-04 19:00:00,0.0,4.2,7.09
2012-12-04 20:00:00,0.0,4.2,6.16
2012-12-04 21:00:00,0.0,4.5,6.99
2012-12-04 22:00:00,0.0,4.5,7.49
2012-12-04 23:00:00,0.0,4.3,7.85
2012-12-05 00:00:00,0.0,3.8,7.74
2012-12-05 01:00:00,0.0,2.9,7.93
2012-12-05 02:00:00,0.0,3.5,7.89
2012-12-05 03:00:00,0.5,2.8,7.43
2012-12-05 04:00:00,0.0,2.2,6.99
2012-12-05 05:00:00,0.0,1.2,7.11
2012-12-05 06:00:00,0.0,0.1,7.47
2012-12-05 07:00:00,0.0,-0.6,7.4
2012-12-05 08:00:00,0.0,-0.9,7.03
2012-12-05 09:00:00,0.0,-0.7,6.65
2012-12-05 10:00:00,0.0,0.3,6.91
2012-12-05 11:00:00,0.0,1.9,6.35
2012-12-05 12:00:00,0.0,2.3,5.06
2012-12-05 13:00:00,0.0,3.1,5.1
2012-12-05 14:00:00,0.0,3.3,4.81
2012-12-05 15:00:00,0.0,3.3,4.88
2012-12-05 16:00:00,0.0,2.3,4.14
2012-12-05 17:00:00,0.0,1.3,4.02
2012-12-05 18:00:00,0.0,1.0,3.89
2012-12-05 19:00:00,0.0,0.7,3.96
2012-12-05 20:00:00,0.0,0.2,4.01
2012-12-05 21:00:00,0.0,-0.6,4.21
2012-12-05 22:00:00,0.0,0.0,3.55
2012-12-05 23:00:00,0.0,0.0,4.62
2012-12-06 00:00:00,0.0,-0.7,4.42
2012-12-06 01:00:00,0.0,-1.1,3.7
2012-12-06 02:00:00,0.0,-0.5,5.53
2012-12-06 03:00:00,0.0,-0.3,5.39
2012-12-06 04:00:00,0.0,0.9,5.06
2012-12-06 05:00:00,0.0,1.4,4.39
2012-12-06 06:00:00,0.0,2.9,3.29
2012-12-06 07:00:00,0.0,4.1,2.34
2012-12-06 08:00:00,0.0,3.6,1.79
2012-12-06 09:00:00,0.3,3.8,2.13
2012-12-06 10:00:00,0.3,4.1,2.96
2012-12-06 11:00:00,0.1,4.7,2.77
2012-12-06 12:00:00,0.6,4.6,3.33
2012-12-06 13:00:00,0.6,4.8,4.19
2012-12-06 14:00:00,0.3,5.2,4.77
2012-12-06 15:00:00,0.9,5.4,4.34
2012-12-06 16:00:00,0.8,5.7,4.02
2012-12-06 17:00:00,1.2,6.2,4.03
2012-12-06 18:00:00,0.9,5.6,4.37
2012-12-06 19:00:00,0.1,4.7,4.52
2012-12-06 20:00:00,0.0,3.6,4.64
2012-12-06 21:00:00,0.6,3.4,2.16
2012-12-06 22:00:00,0.1,2.5,1.9
2012-12-06 23:00:00,0.0,2.3,1.91
2012-12-07 00:00:00,0.2,3.1,0.38
2012-12-07 01:00:00,0.6,2.6,1.46
2012-12-07 02:00:00,0.0,1.7,1.8
2012-12-07 03:00:00,0.0,1.9,2.39
2012-12-07 04:00:00,0.0,2.3,2.5
2012-12-07 05:00:00,0.0,2.8,3.08
2012-12-07 06:00:00,0.0,3.2,4.86
2012-12-07 07:00:00,0.0,3.2,5.79
2012-12-07 08:00:00,0.0,2.5,6.3
2012-12-07 09:00:00,0.0,2.2,7.14
2012-12-07 10:00:00,0.0,3.1,8.75
2012-12-07 11:00:00,0.0,5.1,8.1
2012-12-07 12:00:00,0.0,6.2,8.91
2012-12-07 13:00:00,0.0,7.0,8.95
2012-12-07 14:00:00,0.0,7.3,9.25
2012-12-07 15:00:00,0.0,6.8,9.11
2012-12-07 16:00:00,0.0,5.8,8.48
2012-12-07 17:00:00,0.0,4.9,8.52
2012-12-07 18:00:00,0.0,4.7,8.57
2012-12-07 19:00:00,0.0,3.6,7.89
2012-12-07 20:00:00,0.0,2.8,7.31
2012-12-07 21:00:00,0.0,3.1,7.3
2012-12-07 22:00:00,0.0,2.4,7.44
2012-12-07 23:00:00,0.0,0.7,6.77
2012-12-08 00:00:00,0.0,1.4,6.86
2012-12-08 01:00:00,0.0,1.2,6.83
2012-12-08 02:00:00,0.0,1.1,7.09
2012-12-08 03:00:00,0.0,0.7,6.25
2012-12-08 04:00:00,0.0,0.7,5.09
2012-12-08 05:00:00,0.0,0.0,4.27
2012-12-08 06:00:00,0.0,0.5,3.55
2012-12-08 07:00:00,0.0,0.8,3.16
2012-12-08 08:00:00,0.0,1.4,3.42
2012-12-08 09:00:00,0.0,2.2,3.84
2012-12-08 10:00:00,0.0,3.4,4.02
2012-12-08 11:00:00,0.0,5.6,4.95
2012-12-08 12:00:00,0.0,5.8,4.48
2012-12-08 13:00:00,0.0,6.4,5.35
2012-12-08 14:00:00,0.0,6.6,6.06
2012-12-08 15:00:00,0.0,7.1,5.7
2012-12-08 16:00:00,0.0,6.9,5.92
2012-12-08 17:00:00,0.0,6.9,3.89
2012-12-08 18:00:00,0.0,7.1,4.56
2012-12-08 19:00:00,0.0,7.2,3.5
2012-12-08 20:00:00,0.0,7.2,2.79
2012-12-08 21:00:00,0.0,7.1,3.92
2012-12-08 22:00:00,0.0,7.1,2.57
2012-12-08 23:00:00,0.0,6.9,1.56
2012-12-09 00:00:00,0.1,6.7,2.6
2012-12-09 01:00:00,0.0,6.6,2.27
2012-12-09 02:00:00,0.0,6.5,2.49
2012-12-09 03:00:00,0.0,6.6,2.89
2012-12-09 04:00:00,0.0,6.5,2.62
2012-12-09 05:00:00,0.0,6.4,2.11
2012-12-09 06:00:00,0.0,6.4,2.53
2012-12-09 07:00:00,0.0,6.5,3.17
2012-12-09 08:00:00,0.0,6.5,3.18
2012-12-09 09:00:00,0.0,6.4,4.29
2012-12-09 10:00:00,0.0,6.6,5.11
2012-12-09 11:00:00,0.0,7.1,5.04
2012-12-09 12:00:00,0.0,7.4,5.56
2012-12-09 13:00:00,0.0,8.0,5.8
2012-12-09 14:00:00,0.0,7.3,5.98
2012-12-09 15:00:00,0.0,6.0,5.85
2012-12-09 16:00:00,0.0,4.8,6.02
2012-12-09 17:00:00,0.0,4.3,6.25
2012-12-09 18:00:00,0.0,3.9,7.42
2012-12-09 19:00:00,0.0,3.5,6.85
2012-12-09 20:00:00,0.0,2.9,6.97
2012-12-09 21:00:00,0.0,2.5,6.62
2012-12-09 22:00:00,0.0,1.3,7.47
2012-12-09 23:00:00,0.0,1.3,6.16
2012-12-10 00:00:00,0.0,0.3,7.43
2012-12-10 01:00:00,0.0,0.5,7.9
2012-12-10 02:00:00,0.0,0.4,7.31
2012-12-10 03:00:00,0.0,-0.2,7.63
2012-12-10 04:00:00,0.0,-0.5,7.36
2012-12-10 05:00:00,0.0,-1.7,7.29
2012-12-10 06:00:00,0.0,-2.1,7.56
2012-12-10 07:00:00,0.0,-2.1,7.4
2012-12-10 08:00:00,0.0,-1.9,7.44
2012-12-10 09:00:00,0.0,-1.2,7.08
2012-12-10 10:00:00,0.0,-0.6,7.21
2012-12-10 11:00:00,0.0,1.0,6.85
2012-12-10 12:00:00,0.0,2.2,6.58
2012-12-10 13:00:00,0.0,3.1,6.84
2012-12-10 14:00:00,0.0,5.3,7.95
2012-12-10 15:00:00,0.0,4.8,5.07
2012-12-10 16:00:00,0.0,1.6,5.02
2012-12-10 17:00:00,0.0,1.2,5.78
2012-12-10 18:00:00,0.0,1.3,4.81
2012-12-10 19:00:00,0.0,1.9,5.59
2012-12-10 20:00:00,0.0,1.8,5.48
2012-12-10 21:00:00,0.0,1.6,5.0
2012-12-10 22:00:00,0.0,-0.2,4.46
2012-12-10 23:00:00,0.0,-0.5,4.6
2012-12-11 00:00:00,0.0,-1.6,4.23
2012-12-11 01:00:00,0.0,-1.4,3.8
2012-12-11 02:00:00,0.0,-0.7,3.1
2012-12-11 03:00:00,0.0,-2.0,3.76
2012-12-11 04:00:00,0.0,-2.4,3.32
2012-12-11 05:00:00,0.0,-3.3,3.09
2012-12-11 06:00:00,0.0,-2.6,2.36
2012-12-11 07:00:00,0.0,-2.3,3.53
2012-12-11 08:00:00,0.0,-2.4,2.83
2012-12-11 09:00:00,0.0,-2.1,3.03
2012-12-11 10:00:00,0.0,-1.2,2.92
2012-12-11 11:00:00,0.0,1.3,3.87
2012-12-11 12:00:00,0.0,3.6,3.64
2012-12-11 13:00:00,0.0,3.1,3.76
2012-12-11 14:00:00,0.0,3.4,3.52
2012-12-11 15:00:00,0.0,2.9,3.12
2012-12-11 16:00:00,0.0,1.1,3.34
2012-12-11 17:00:00,0.0,0.3,3.16
2012-12-11 18:00:00,0.0,-0.4,3.21
2012-12-11 19:00:00,0.0,-0.5,2.62
2012-12-11 20:00:00,0.0,-0.2,2.18
2012-12-11 21:00:00,0.0,-0.2,2.04
2012-12-11 22:00:00,0.0,-0.6,2.52
2012-12-11 23:00:00,0.0,-1.0,2.39
2012-12-12 00:00:00,0.0,-0.7,3.28
2012-12-12 01:00:00,0.0,-1.0,2.67
2012-12-12 02:00:00,0.0,-1.0,2.84
2012-12-12 03:00:00,0.0,0.2,2.3
2012-12-12 04:00:00,0.0,-1.2,1.93
2012-12-12 05:00:00,0.0,-1.1,1.02
2012-12-12 06:00:00,0.0,0.8,1.37
2012-12-12 07:00:00,0.0,1.0,1.16
2012-12-12 08:00:00,0.0,2.9,1.4
2012-12-12 09:00:00,0.0,3.4,1.09
2012-12-12 10:00:00,0.0,4.4,0.97
2012-12-12 11:00:00,0.0,4.7,0.81
2012-12-12 12:00:00,0.0,5.5,2.22
2012-12-12 13:00:00,0.0,5.8,2.4
2012-12-12 14:00:00,0.0,5.8,1.96
2012-12-12 15:00:00,0.0,6.3,1.89
2012-12-12 16:00:00,0.0,6.6,1.18
2012-12-12 17:00:00,0.1,6.0,1.88
2012-12-12 18:00:00,0.0,6.3,1.15
2012-12-12 19:00:00,0.1,6.4,0.07
2012-12-12 20:00:00,0.0,6.2,0.32
2012-12-12 21:00:00,0.0,6.2,1.04
2012-12-12 22:00:00,0.0,5.9,0.99
2012-12-12 23:00:00,0.0,5.2,2.53
2012-12-13 00:00:00,0.0,4.7,2.5
2012-12-13 01:00:00,0.0,4.7,2.36
2012-12-13 02:00:00,0.0,4.3,2.64
2012-12-13 03:00:00,0.0,3.3,2.19
2012-12-13 04:00:00,0.0,3.2,2.35
2012-12-13 05:00:00,0.0,1.9,1.79
2012-12-13 06:00:00,0.0,0.1,1.08
2012-12-13 07:00:00,0.0,-0.3,2.33
2012-12-13 08:00:00,0.0,-0.7,3.01
2012-12-13 09:00:00,0.0,0.0,1.76
2012-12-13 10:00:00,0.0,2.9,1.7
2012-12-13 11:00:00,0.0,4.3,2.84
2012-12-13 12:00:00,0.0,4.6,3.43
2012-12-13 13:00:00,0.0,4.1,3.16
2012-12-13 14:00:00,0.0,3.9,3.18
2012-12-13 15:00:00,0.0,3.6,3.08
2012-12-13 16:00:00,0.0,3.4,3.06
2012-12-13 17:00:00,0.0,2.5,2.38
2012-12-13 18:00:00,0.0,2.9,2.36
2012-12-13 19:00:00,0.0,3.0,3.23
2012-12-13 20:00:00,0.0,3.4,3.7
2012-12-13 21:00:00,0.0,3.5,3.61
2012-12-13 22:00:00,0.0,3.7,4.87
2012-12-13 23:00:00,0.0,4.3,5.01
2012-12-14 00:00:00,0.0,5.0,4.54
2012-12-14 01:00:00,0.2,5.3,3.49
2012-12-14 02:00:00,0.1,6.1,3.43
2012-12-14 03:00:00,0.0,6.5,2.96
2012-12-14 04:00:00,0.0,6.9,2.49
2012-12-14 05:00:00,0.0,6.9,2.48
2012-12-14 06:00:00,0.2,6.9,2.49
2012-12-14 07:00:00,0.4,6.3,2.76
2012-12-14 08:00:00,0.1,6.5,2.87
2012-12-14 09:00:00,0.3,6.4,3.88
2012-12-14 10:00:00,0.0,6.5,3.53
2012-12-14 11:00:00,0.0,6.7,4.51
2012-12-14 12:00:00,0.0,7.2,5.77
2012-12-14 13:00:00,0.5,7.4,5.82
2012-12-14 14:00:00,0.5,7.5,5.78
2012-12-14 15:00:00,0.0,8.2,5.81
2012-12-14 16:00:00,0.0,7.6,5.16
2012-12-14 17:00:00,0.0,6.8,5.11
2012-12-14 18:00:00,0.0,7.0,6.43
2012-12-14 19:00:00,0.0,7.0,6.36
2012-12-14 20:00:00,0.0,6.8,6.54
2012-12-14 21:00:00,0.0,6.1,5.69
2012-12-14 22:00:00,0.0,6.1,5.94
2012-12-14 23:00:00,0.0,5.9,5.65
2012-12-15 00:00:00,0.0,6.4,7.18
2012-12-15 01:00:00,0.0,6.1,6.23
2012-12-15 02:00:00,0.0,6.4,7.61
2012-12-15 03:00:00,0.0,6.1,8.33
2012-12-15 04:00:00,0.0,6.0,8.69
2012-12-15 05:00:00,0.0,6.4,9.25
2012-12-15 06:00:00,0.0,6.7,8.96
2012-12-15 07:00:00,0.0,6.7,8.64
2012-12-15 08:00:00,0.0,6.4,9.46
2012-12-15 09:00:00,0.0,6.9,9.24
2012-12-15 10:00:00,0.0,6.8,7.34
2012-12-15 11:00:00,0.0,7.8,6.43
2012-12-15 12:00:00,0.1,8.1,6.01
2012-12-15 13:00:00,0.0,8.4,4.74
2012-12-15 14:00:00,0.0,9.0,2.74
2012-12-15 15:00:00,0.0,8.2,2.88
2012-12-15 16:00:00,0.0,8.1,3.65
2012-12-15 17:00:00,0.0,6.3,5.07
2012-12-15 18:00:00,0.0,6.3,4.82
2012-12-15 19:00:00,0.0,6.0,5.28
2012-12-15 20:00:00,0.0,5.7,5.93
2012-12-15 21:00:00,0.0,5.6,7.69
2012-12-15 22:00:00,0.0,6.2,7.81
2012-12-15 23:00:00,0.0,6.1,7.76
2012-12-16 00:00:00,0.0,4.9,7.81
2012-12-16 01:00:00,0.0,5.1,8.31
2012-12-16 02:00:00,0.0,5.1,7.58
2012-12-16 03:00:00,0.0,5.0,6.67
2012-12-16 04:00:00,0.0,5.3,7.21
2012-12-16 05:00:00,0.0,5.6,7.3
2012-12-16 06:00:00,0.0,5.7,7.59
2012-12-16 07:00:00,0.0,6.3,7.63
2012-12-16 08:00:00,0.0,6.1,7.37
2012-12-16 09:00:00,0.0,6.1,7.51
2012-12-16 10:00:00,0.0,6.3,7.09
2012-12-16 11:00:00,0.0,8.4,7.33
2012-12-16 12:00:00,0.0,8.9,5.94
2012-12-16 13:00:00,0.0,9.6,7.54
2012-12-16 14:00:00,0.0,9.3,7.08
2012-12-16 15:00:00,1.8,7.8,6.43
2012-12-16 16:00:00,0.0,7.7,5.99
2012-12-16 17:00:00,0.0,7.3,5.7
2012-12-16 18:00:00,0.0,6.5,5.85
2012-12-16 19:00:00,0.0,6.5,5.85
2012-12-16 20:00:00,0.0,5.9,5.58
2012-12-16 21:00:00,0.0,6.8,5.74
2012-12-16 22:00:00,0.0,6.3,6.38
2012-12-16 23:00:00,0.0,6.4,5.63
2012-12-17 00:00:00,0.2,6.4,5.78
2012-12-17 01:00:00,0.1,6.3,6.08
2012-12-17 02:00:00,0.0,6.1,5.63
2012-12-17 03:00:00,0.0,6.1,5.6
2012-12-17 04:00:00,0.2,6.1,5.74
2012-12-17 05:00:00,0.1,6.1,5.5
2012-12-17 06:00:00,0.0,5.9,5.38
2012-12-17 07:00:00,0.0,6.1,5.24
2012-12-17 08:00:00,0.0,6.2,5.49
2012-12-17 09:00:00,0.3,6.6,5.97
2012-12-17 10:00:00,0.3,6.6,4.27
2012-12-17 11:00:00,0.0,7.4,5.46
2012-12-17 12:00:00,0.0,7.6,5.16
2012-12-17 13:00:00,0.2,7.1,5.18
2012-12-17 14:00:00,0.7,7.3,5.63
2012-12-17 15:00:00,0.1,6.9,4.16
2012-12-17 16:00:00,0.0,7.1,4.42
2012-12-17 17:00:00,0.0,7.0,4.68
2012-12-17 18:00:00,0.0,6.6,4.82
2012-12-17 19:00:00,0.0,6.6,4.8
2012-12-17 20:00:00,0.0,6.6,6.19
2012-12-17 21:00:00,0.0,6.3,6.68
2012-12-17 22:00:00,0.0,5.9,6.24
2012-12-17 23:00:00,0.0,6.2,6.76
2012-12-18 00:00:00,0.0,5.8,6.61
2012-12-18 01:00:00,0.0,5.4,6.59
2012-12-18 02:00:00,0.0,5.7,6.86
2012-12-18 03:00:00,0.0,5.7,7.55
2012-12-18 04:00:00,0.0,4.3,7.02
2012-12-18 05:00:00,0.0,3.0,7.04
2012-12-18 06:00:00,0.0,3.3,6.6
2012-12-18 07:00:00,0.0,2.5,6.49
2012-12-18 08:00:00,0.0,2.1,7.34
2012-12-18 09:00:00,0.0,2.2,7.26
2012-12-18 10:00:00,0.0,2.8,7.28
2012-12-18 11:00:00,0.0,3.0,7.12
2012-12-18 12:00:00,0.0,3.5,6.72
2012-12-18 13:00:00,0.0,3.6,6.16
2012-12-18 14:00:00,0.0,4.0,5.84
2012-12-18 15:00:00,0.0,4.2,5.5
2012-12-18 16:00:00,0.0,3.7,5.41
2012-12-18 17:00:00,0.0,4.8,4.54
2012-12-18 18:00:00,0.0,5.0,4.24
2012-12-18 19:00:00,0.0,5.8,3.67
2012-12-18 20:00:00,0.0,6.4,3.39
2012-12-18 21:00:00,0.0,7.1,3.18
2012-12-18 22:00:00,0.0,7.3,3.58
2012-12-18 23:00:00,0.0,7.5,3.62
2012-12-19 00:00:00,0.0,7.6,3.25
2012-12-19 01:00:00,0.0,7.4,3.54
2012-12-19 02:00:00,0.0,7.4,3.17
2012-12-19 03:00:00,0.0,7.4,3.29
2012-12-19 04:00:00,0.0,7.4,2.46
2012-12-19 05:00:00,0.1,7.3,2.68
2012-12-19 06:00:00,0.0,7.5,2.13
2012-12-19 07:00:00,0.7,7.5,1.82
2012-12-19 08:00:00,0.0,7.9,1.33
2012-12-19 09:00:00,0.1,8.1,1.33
2012-12-19 10:00:00,1.7,8.1,1.07
2012-12-19 11:00:00,0.1,8.7,0.68
2012-12-19 12:00:00,0.0,9.0,0.39
2012-12-19 13:00:00,0.0,9.2,0.34
2012-12-19 14:00:00,0.0,9.7,1.35
2012-12-19 15:00:00,0.0,9.7,1.48
2012-12-19 16:00:00,0.0,9.4,2.16
2012-12-19 17:00:00,0.0,9.0,2.79
2012-12-19 18:00:00,0.0,8.6,2.81
2012-12-19 19:00:00,0.0,7.9,3.39
2012-12-19 20:00:00,0.0,7.8,4.6
2012-12-19 21:00:00,0.0,8.3,5.76
2012-12-19 22:00:00,0.0,7.8,7.0
2012-12-19 23:00:00,0.0,7.0,7.93
2012-12-20 00:00:00,0.0,6.8,7.43
2012-12-20 01:00:00,0.0,8.0,7.81
2012-12-20 02:00:00,0.0,8.2,8.46
2012-12-20 03:00:00,0.0,8.2,9.44
2012-12-20 04:00:00,0.0,8.2,9.55
2012-12-20 05:00:00,0.0,8.1,10.86
2012-12-20 06:00:00,0.1,8.2,9.29
2012-12-20 07:00:00,0.2,8.2,8.61
2012-12-20 08:00:00,0.3,8.1,9.21
2012-12-20 09:00:00,0.1,7.9,8.77
2012-12-20 10:00:00,0.4,7.7,7.39
2012-12-20 11:00:00,0.7,7.4,8.69
2012-12-20 12:00:00,0.1,7.3,7.25
2012-12-20 13:00:00,0.0,7.4,6.08
2012-12-20 14:00:00,0.0,7.4,5.05
2012-12-20 15:00:00,0.0,7.2,4.55
2012-12-20 16:00:00,0.0,6.8,4.13
2012-12-20 17:00:00,0.0,6.7,3.87
2012-12-20 18:00:00,0.0,6.7,3.41
2012-12-20 19:00:00,0.0,6.6,2.98
2012-12-20 20:00:00,0.0,6.8,3.7
2012-12-20 21:00:00,0.0,6.8,2.84
2012-12-20 22:00:00,0.0,6.4,3.94
2012-12-20 23:00:00,0.0,6.4,2.69
2012-12-21 00:00:00,0.1,6.3,3.84
2012-12-21 01:00:00,0.2,6.4,4.01
2012-12-21 02:00:00,0.0,6.7,4.01
2012-12-21 03:00:00,0.0,6.8,3.55
2012-12-21 04:00:00,0.0,6.8,3.88
2012-12-21 05:00:00,0.0,6.8,3.04
2012-12-21 06:00:00,0.0,6.9,3.73
2012-12-21 07:00:00,0.0,6.9,3.33
2012-12-21 08:00:00,0.0,7.0,4.05
2012-12-21 09:00:00,0.1,5.9,3.62
2012-12-21 10:00:00,0.0,5.4,3.11
2012-12-21 11:00:00,0.0,6.3,2.65
2012-12-21 12:00:00,0.0,7.3,1.65
2012-12-21 13:00:00,0.0,8.4,0.78
2012-12-21 14:00:00,0.0,8.7,0.72
2012-12-21 15:00:00,0.0,8.4,0.87
2012-12-21 16:00:00,0.0,6.7,0.91
2012-12-21 17:00:00,0.0,4.7,1.13
2012-12-21 18:00:00,0.0,4.6,1.34
2012-12-21 19:00:00,0.0,5.2,1.5
2012-12-21 20:00:00,0.0,5.5,1.44
2012-12-21 21:00:00,0.1,6.4,0.97
2012-12-21 22:00:00,0.2,7.3,2.08
2012-12-21 23:00:00,0.2,8.5,1.74
2012-12-22 00:00:00,1.4,8.1,1.94
2012-12-22 01:00:00,0.7,8.4,2.01
2012-12-22 02:00:00,0.4,8.4,2.73
2012-12-22 03:00:00,1.0,8.5,1.87
2012-12-22 04:00:00,1.2,8.8,1.99
2012-12-22 05:00:00,0.3,9.1,1.93
2012-12-22 06:00:00,0.1,9.2,2.04
2012-12-22 07:00:00,0.7,9.8,1.8
2012-12-22 08:00:00,1.4,9.5,2.24
2012-12-22 09:00:00,0.1,11.8,1.84
2012-12-22 10:00:00,0.0,12.7,0.88
2012-12-22 11:00:00,0.0,13.2,2.24
2012-12-22 12:00:00,0.0,13.7,1.72
2012-12-22 13:00:00,0.0,13.7,2.18
2012-12-22 14:00:00,0.0,14.0,2.01
2012-12-22 15:00:00,0.0,13.5,3.0
2012-12-22 16:00:00,0.0,13.4,2.48
2012-12-22 17:00:00,0.0,13.1,3.52
2012-12-22 18:00:00,0.1,12.9,3.75
2012-12-22 19:00:00,0.1,12.7,4.23
2012-12-22 20:00:00,0.0,12.8,4.14
2012-12-22 21:00:00,0.0,13.1,4.91
2012-12-22 22:00:00,0.0,13.2,5.0
2012-12-22 23:00:00,0.0,13.2,6.4
2012-12-23 00:00:00,0.0,12.9,7.16
2012-12-23 01:00:00,0.0,12.7,7.25
2012-12-23 02:00:00,0.5,11.6,7.39
2012-12-23 03:00:00,0.0,9.9,6.16
2012-12-23 04:00:00,0.0,8.8,6.01
2012-12-23 05:00:00,0.0,8.5,5.02
2012-12-23 06:00:00,0.0,8.2,4.77
2012-12-23 07:00:00,0.0,7.4,4.5
2012-12-23 08:00:00,0.0,7.6,4.18
2012-12-23 09:00:00,0.0,7.6,5.31
2012-12-23 10:00:00,0.0,8.0,6.08
2012-12-23 11:00:00,0.0,9.0,6.22
2012-12-23 12:00:00,0.0,8.8,5.51
2012-12-23 13:00:00,0.0,9.0,4.76
2012-12-23 14:00:00,0.0,8.6,5.44
2012-12-23 15:00:00,0.0,8.3,4.59
2012-12-23 16:00:00,0.0,7.6,5.16
2012-12-23 17:00:00,0.0,7.3,4.86
2012-12-23 18:00:00,0.0,7.4,5.24
2012-12-23 19:00:00,0.0,7.5,5.8
2012-12-23 20:00:00,0.0,7.5,5.9
2012-12-23 21:00:00,0.0,6.9,6.05
2012-12-23 22:00:00,0.0,7.0,7.06
2012-12-23 23:00:00,0.0,6.5,7.35
2012-12-24 00:00:00,0.0,7.0,8.94
2012-12-24 01:00:00,0.0,7.9,11.65
2012-12-24 02:00:00,0.0,7.9,12.05
2012-12-24 03:00:00,0.0,7.9,13.13
2012-12-24 04:00:00,0.0,8.1,11.87
2012-12-24 05:00:00,0.0,8.8,10.86
2012-12-24 06:00:00,0.1,8.8,10.49
2012-12-24 07:00:00,0.1,8.2,10.25
2012-12-24 08:00:00,0.0,8.2,9.51
2012-12-24 09:00:00,0.0,8.4,9.53
2012-12-24 10:00:00,0.0,8.9,9.62
2012-12-24 11:00:00,0.0,9.2,9.65
2012-12-24 12:00:00,0.0,9.1,8.99
2012-12-24 13:00:00,0.0,9.1,8.8
2012-12-24 14:00:00,0.0,9.3,8.16
2012-12-24 15:00:00,0.0,8.8,7.94
2012-12-24 16:00:00,0.0,7.5,8.01
2012-12-24 17:00:00,0.0,5.8,6.58
2012-12-24 18:00:00,0.0,5.6,5.83
2012-12-24 19:00:00,0.0,6.1,5.95
2012-12-24 20:00:00,0.0,6.3,5.96
2012-12-24 21:00:00,0.0,6.0,5.86
2012-12-24 22:00:00,0.0,6.0,5.14
2012-12-24 23:00:00,0.0,7.3,4.73
2012-12-25 00:00:00,0.0,6.9,4.44
2012-12-25 01:00:00,0.0,7.2,3.94
2012-12-25 02:00:00,0.0,7.3,3.8
2012-12-25 03:00:00,0.0,6.8,4.19
2012-12-25 04:00:00,0.3,6.1,4.13
2012-12-25 05:00:00,0.0,5.4,3.97
2012-12-25 06:00:00,0.0,5.8,5.44
2012-12-25 07:00:00,0.0,5.3,4.94
2012-12-25 08:00:00,0.0,5.4,5.06
2012-12-25 09:00:00,0.0,5.3,4.45
2012-12-25 10:00:00,0.0,5.7,4.7
2012-12-25 11:00:00,0.0,5.9,3.93
2012-12-25 12:00:00,0.0,6.4,4.84
2012-12-25 13:00:00,0.0,6.5,4.59
2012-12-25 14:00:00,0.0,7.2,5.73
2012-12-25 15:00:00,0.0,6.6,6.12
2012-12-25 16:00:00,0.0,6.7,4.94
2012-12-25 17:00:00,0.1,6.1,5.33
2012-12-25 18:00:00,0.2,6.5,6.1
2012-12-25 19:00:00,1.0,4.6,5.32
2012-12-25 20:00:00,0.0,3.9,5.37
2012-12-25 21:00:00,0.0,3.8,4.28
2012-12-25 22:00:00,0.0,4.2,4.57
2012-12-25 23:00:00,0.0,4.9,4.18
2012-12-26 00:00:00,0.0,4.8,3.56
2012-12-26 01:00:00,0.0,4.9,2.79
2012-12-26 02:00:00,0.0,5.4,3.26
2012-12-26 03:00:00,0.0,5.2,3.28
2012-12-26 04:00:00,0.0,5.4,2.69
2012-12-26 05:00:00,0.0,5.2,2.97
2012-12-26 06:00:00,0.1,4.7,3.3
2012-12-26 07:00:00,0.0,5.2,3.54
2012-12-26 08:00:00,0.0,5.5,4.18
2012-12-26 09:00:00,0.0,5.4,3.85
2012-12-26 10:00:00,0.0,5.6,4.69
2012-12-26 11:00:00,0.0,7.0,5.39
2012-12-26 12:00:00,1.4,7.0,6.32
2012-12-26 13:00:00,0.8,8.0,6.25
2012-12-26 14:00:00,0.1,8.8,6.64
2012-12-26 15:00:00,0.0,8.1,5.58
2012-12-26 16:00:00,0.1,8.1,6.59
2012-12-26 17:00:00,0.0,7.7,6.09
2012-12-26 18:00:00,0.0,7.1,6.54
2012-12-26 19:00:00,0.0,6.1,6.07
2012-12-26 20:00:00,0.0,6.1,6.5
2012-12-26 21:00:00,0.0,6.0,5.96
2012-12-26 22:00:00,0.0,6.0,6.62
2012-12-26 23:00:00,0.0,5.9,6.64
2012-12-27 00:00:00,0.0,5.7,7.68
2012-12-27 01:00:00,0.0,5.3,7.69
2012-12-27 02:00:00,0.0,5.6,7.55
2012-12-27 03:00:00,0.0,5.5,7.51
2012-12-27 04:00:00,0.0,5.7,7.42
2012-12-27 05:00:00,0.0,4.8,6.94
2012-12-27 06:00:00,0.0,5.0,7.02
2012-12-27 07:00:00,0.0,4.7,6.97
2012-12-27 08:00:00,0.0,4.1,5.36
2012-12-27 09:00:00,0.0,3.5,3.72
2012-12-27 10:00:00,0.0,3.7,3.92
2012-12-27 11:00:00,0.0,4.8,4.22
2012-12-27 12:00:00,0.0,5.6,6.51
2012-12-27 13:00:00,0.0,6.1,6.7
2012-12-27 14:00:00,0.0,6.4,9.0
2012-12-27 15:00:00,0.0,5.9,8.52
2012-12-27 16:00:00,0.0,5.5,10.29
2012-12-27 17:00:00,0.0,5.5,10.63
2012-12-27 18:00:00,0.0,4.9,11.63
2012-12-27 19:00:00,0.0,5.3,9.74
2012-12-27 20:00:00,0.0,5.7,9.51
2012-12-27 21:00:00,0.0,6.3,9.65
2012-12-27 22:00:00,0.0,7.0,9.95
2012-12-27 23:00:00,0.4,5.9,9.5
2012-12-28 00:00:00,0.5,5.5,9.01
2012-12-28 01:00:00,0.3,6.4,8.61
2012-12-28 02:00:00,1.6,7.7,7.41
2012-12-28 03:00:00,0.0,8.1,5.98
2012-12-28 04:00:00,0.0,10.6,4.1
2012-12-28 05:00:00,0.0,11.1,3.81
2012-12-28 06:00:00,0.0,11.5,3.93
2012-12-28 07:00:00,0.1,11.5,4.7
2012-12-28 08:00:00,0.0,11.4,5.39
2012-12-28 09:00:00,0.0,11.5,5.96
2012-12-28 10:00:00,0.0,11.6,5.44
2012-12-28 11:00:00,0.0,11.7,5.56
2012-12-28 12:00:00,0.0,11.9,5.7
2012-12-28 13:00:00,0.0,12.5,4.86
2012-12-28 14:00:00,0.0,12.2,4.49
2012-12-28 15:00:00,0.0,12.2,2.14
2012-12-28 16:00:00,0.0,12.1,1.6
2012-12-28 17:00:00,0.0,12.1,1.88
2012-12-28 18:00:00,0.0,11.9,1.27
2012-12-28 19:00:00,0.0,12.3,1.76
2012-12-28 20:00:00,0.0,12.4,1.92
2012-12-28 21:00:00,0.0,12.7,2.62
2012-12-28 22:00:00,0.0,12.5,4.38
2012-12-28 23:00:00,0.0,11.5,3.5
2012-12-29 00:00:00,1.5,10.1,3.59
2012-12-29 01:00:00,0.8,9.6,5.58
2012-12-29 02:00:00,0.0,10.1,6.35
2012-12-29 03:00:00,0.0,10.2,5.67
2012-12-29 04:00:00,0.0,10.0,7.7
2012-12-29 05:00:00,0.0,9.6,8.49
2012-12-29 06:00:00,0.0,9.2,8.73
2012-12-29 07:00:00,0.0,8.9,9.18
2012-12-29 08:00:00,0.0,7.3,9.14
2012-12-29 09:00:00,0.0,7.8,8.82
2012-12-29 10:00:00,0.0,8.0,9.5
2012-12-29 11:00:00,0.1,6.8,9.27
2012-12-29 12:00:00,0.0,6.3,9.97
2012-12-29 13:00:00,0.0,6.7,10.18
2012-12-29 14:00:00,0.0,6.7,11.02
2012-12-29 15:00:00,0.0,6.4,11.7
2012-12-29 16:00:00,0.0,5.6,12.31
2012-12-29 17:00:00,0.0,5.4,12.64
2012-12-29 18:00:00,0.0,5.3,13.25
2012-12-29 19:00:00,0.0,4.5,14.3
2012-12-29 20:00:00,0.0,3.8,13.17
2012-12-29 21:00:00,0.0,3.2,14.33
2012-12-29 22:00:00,0.0,2.9,14.06
2012-12-29 23:00:00,0.1,2.8,12.59
2012-12-30 00:00:00,0.3,2.8,10.96
2012-12-30 01:00:00,0.0,2.7,10.46
2012-12-30 02:00:00,0.0,2.5,9.33
2012-12-30 03:00:00,0.0,2.3,8.41
2012-12-30 04:00:00,0.1,3.1,8.67
2012-12-30 05:00:00,0.0,3.3,8.32
2012-12-30 06:00:00,0.0,2.8,8.2
2012-12-30 07:00:00,0.1,3.1,8.56
2012-12-30 08:00:00,0.0,3.3,7.57
2012-12-30 09:00:00,0.1,4.4,8.86
2012-12-30 10:00:00,0.0,5.6,9.14
2012-12-30 11:00:00,0.6,6.4,7.64
2012-12-30 12:00:00,0.0,7.0,8.01
2012-12-30 13:00:00,0.0,7.5,7.77
2012-12-30 14:00:00,0.0,8.4,7.39
2012-12-30 15:00:00,0.0,8.0,6.43
2012-12-30 16:00:00,0.5,8.2,7.15
2012-12-30 17:00:00,0.5,8.9,7.23
2012-12-30 18:00:00,0.0,10.0,8.02
2012-12-30 19:00:00,0.0,10.0,8.31
2012-12-30 20:00:00,0.1,10.2,9.18
2012-12-30 21:00:00,0.0,10.4,8.22
2012-12-30 22:00:00,0.0,10.2,9.18
2012-12-30 23:00:00,0.0,10.6,8.7
2012-12-31 00:00:00,0.0,10.7,8.92
2012-12-31 01:00:00,0.0,10.9,8.95
2012-12-31 02:00:00,0.0,10.9,9.08
2012-12-31 03:00:00,0.1,10.5,9.25
2012-12-31 04:00:00,0.1,11.1,9.79
2012-12-31 05:00:00,0.4,10.6,8.42
2012-12-31 06:00:00,1.0,10.4,8.38
2012-12-31 07:00:00,0.0,10.3,9.19
2012-12-31 08:00:00,0.0,9.9,8.93
2012-12-31 09:00:00,0.0,9.6,9.35
2012-12-31 10:00:00,0.2,8.9,9.13
2012-12-31 11:00:00,0.1,8.3,9.9
2012-12-31 12:00:00,0.0,8.4,10.33
2012-12-31 13:00:00,0.0,7.6,9.44
2012-12-31 14:00:00,0.0,7.7,9.21
2012-12-31 15:00:00,0.6,6.6,10.1
2012-12-31 16:00:00,0.0,6.5,10.31
2012-12-31 17:00:00,0.0,5.9,11.69
2012-12-31 18:00:00,0.2,5.8,12.28
2012-12-31 19:00:00,0.0,4.6,11.8
2012-12-31 20:00:00,0.0,3.8,11.7
2012-12-31 21:00:00,0.0,3.6,9.92
2012-12-31 22:00:00,0.0,3.7,10.28
2012-12-31 23:00:00,0.0,3.1,10.85
2013-01-01 00:00:00,0.0,3.1,7.04
2013-01-01 01:00:00,0.0,3.3,6.63
2013-01-01 02:00:00,0.0,2.9,6.42
2013-01-01 03:00:00,0.0,2.7,6.46
2013-01-01 04:00:00,0.1,2.5,5.9
2013-01-01 05:00:00,0.0,2.4,6.34
2013-01-01 06:00:00,0.0,2.0,6.3
2013-01-01 07:00:00,0.0,1.9,6.1
2013-01-01 08:00:00,0.0,2.0,6.99
2013-01-01 09:00:00,0.0,2.0,6.82
2013-01-01 10:00:00,0.0,2.7,6.67
2013-01-01 11:00:00,0.0,3.6,6.98
2013-01-01 12:00:00,0.0,4.8,7.35
2013-01-01 13:00:00,0.0,5.5,7.52
2013-01-01 14:00:00,0.0,5.8,6.41
2013-01-01 15:00:00,0.0,6.0,6.36
2013-01-01 16:00:00,0.0,6.1,5.96
2013-01-01 17:00:00,0.0,5.6,6.1
2013-01-01 18:00:00,0.0,5.4,6.29
2013-01-01 19:00:00,0.0,4.3,6.14
2013-01-01 20:00:00,0.0,4.8,6.53
2013-01-01 21:00:00,0.0,5.1,5.87
2013-01-01 22:00:00,0.0,5.5,6.08
2013-01-01 23:00:00,0.0,5.8,5.8
2013-01-02 00:00:00,0.0,5.7,7.35
2013-01-02 01:00:00,0.0,6.1,7.52
2013-01-02 02:00:00,0.0,6.7,6.41
2013-01-02 03:00:00,0.0,7.3,6.36
2013-01-02 04:00:00,0.0,7.9,5.96
2013-01-02 05:00:00,0.0,8.4,6.1
2013-01-02 06:00:00,0.0,8.7,6.29
2013-01-02 07:00:00,0.0,9.2,6.14
2013-01-02 08:00:00,0.0,9.8,6.53
2013-01-02 09:00:00,0.0,10.0,5.87
2013-01-02 10:00:00,0.0,10.5,6.08
2013-01-02 11:00:00,0.0,11.2,5.8
2013-01-02 12:00:00,0.0,11.2,5.82
2013-01-02 13:00:00,0.0,11.3,4.5
2013-01-02 14:00:00,0.0,11.9,4.89
2013-01-02 15:00:00,0.0,12.2,4.64
2013-01-02 16:00:00,0.0,11.9,6.2
2013-01-02 17:00:00,0.0,11.7,6.19
2013-01-02 18:00:00,0.0,11.8,6.89
2013-01-02 19:00:00,0.0,11.8,7.35
2013-01-02 20:00:00,0.0,11.6,7.0
2013-01-02 21:00:00,0.0,11.5,6.64
2013-01-02 22:00:00,0.0,11.4,6.6
2013-01-02 23:00:00,0.0,11.6,7.9
2013-01-03 00:00:00,0.0,11.5,5.82
2013-01-03 01:00:00,0.0,11.3,4.5
2013-01-03 02:00:00,0.0,11.3,4.89
2013-01-03 03:00:00,0.0,11.3,4.64
2013-01-03 04:00:00,0.0,11.3,6.2
2013-01-03 05:00:00,0.0,11.2,6.19
2013-01-03 06:00:00,0.0,11.1,6.89
2013-01-03 07:00:00,0.0,11.2,7.35
2013-01-03 08:00:00,0.0,11.3,7.0
2013-01-03 09:00:00,0.0,11.1,6.64
2013-01-03 10:00:00,0.0,11.6,6.6
2013-01-03 11:00:00,0.0,12.4,7.9
2013-01-03 12:00:00,0.0,12.8,7.79
2013-01-03 13:00:00,0.0,12.6,7.54
2013-01-03 14:00:00,0.0,12.6,7.73
2013-01-03 15:00:00,0.0,12.0,7.12
2013-01-03 16:00:00,0.0,11.5,7.3
2013-01-03 17:00:00,0.0,11.7,6.69
2013-01-03 18:00:00,0.0,11.4,6.72
2013-01-03 19:00:00,0.0,11.4,6.82
2013-01-03 20:00:00,0.0,10.7,6.41
2013-01-03 21:00:00,0.0,11.1,7.31
2013-01-03 22:00:00,0.0,11.0,7.37
2013-01-03 23:00:00,0.0,10.8,6.96
2013-01-04 00:00:00,0.0,10.5,7.03
2013-01-04 01:00:00,0.0,10.5,6.69
2013-01-04 02:00:00,0.0,10.6,5.82
2013-01-04 03:00:00,0.0,10.3,6.14
2013-01-04 04:00:00,0.0,10.3,5.86
2013-01-04 05:00:00,0.0,9.9,5.97
2013-01-04 06:00:00,0.0,7.9,5.84
2013-01-04 07:00:00,0.0,8.2,5.68
2013-01-04 08:00:00,0.0,9.1,5.09
2013-01-04 09:00:00,0.0,9.2,5.32
2013-01-04 10:00:00,0.0,9.8,4.91
2013-01-04 11:00:00,0.0,10.7,5.63
2013-01-04 12:00:00,0.0,10.2,6.63
2013-01-04 13:00:00,0.0,10.5,6.97
2013-01-04 14:00:00,0.0,10.5,6.28
2013-01-04 15:00:00,0.0,10.2,5.21
2013-01-04 16:00:00,0.0,10.4,5.44
2013-01-04 17:00:00,0.0,10.6,5.49
2013-01-04 18:00:00,0.0,10.3,5.68
2013-01-04 19:00:00,0.0,9.3,6.01
2013-01-04 20:00:00,0.0,7.1,5.82
2013-01-04 21:00:00,0.0,7.0,5.82
2013-01-04 22:00:00,0.0,5.7,6.06
2013-01-04 23:00:00,0.0,5.5,6.71
2013-01-05 00:00:00,0.0,5.0,5.57
2013-01-05 01:00:00,0.0,4.4,5.05
2013-01-05 02:00:00,0.0,4.6,4.41
2013-01-05 03:00:00,0.0,4.9,5.04
2013-01-05 04:00:00,0.0,8.0,5.87
2013-01-05 05:00:00,0.0,8.8,5.2
2013-01-05 06:00:00,0.0,9.0,4.09
2013-01-05 07:00:00,0.0,9.5,5.46
2013-01-05 08:00:00,0.0,10.2,4.8
2013-01-05 09:00:00,0.0,10.3,4.83
2013-01-05 10:00:00,0.0,10.6,4.31
2013-01-05 11:00:00,0.0,11.2,4.21
2013-01-05 12:00:00,0.0,11.2,4.79
2013-01-05 13:00:00,0.0,11.3,5.83
2013-01-05 14:00:00,0.0,11.3,6.87
2013-01-05 15:00:00,0.0,11.6,5.32
2013-01-05 16:00:00,0.0,11.6,5.31
2013-01-05 17:00:00,0.0,11.7,3.74
2013-01-05 18:00:00,0.0,11.4,3.46
2013-01-05 19:00:00,0.0,10.8,2.82
2013-01-05 20:00:00,0.0,10.2,2.88
2013-01-05 21:00:00,0.0,9.4,2.61
2013-01-05 22:00:00,0.0,9.4,3.27
2013-01-05 23:00:00,0.0,8.6,3.65
2013-01-06 00:00:00,0.0,7.3,3.25
2013-01-06 01:00:00,0.0,6.0,2.29
2013-01-06 02:00:00,0.0,4.8,3.11
2013-01-06 03:00:00,0.0,5.2,3.39
2013-01-06 04:00:00,0.0,5.0,4.0
2013-01-06 05:00:00,0.0,5.4,5.01
2013-01-06 06:00:00,0.0,7.0,5.43
2013-01-06 07:00:00,0.0,8.6,4.69
2013-01-06 08:00:00,0.0,10.0,5.1
2013-01-06 09:00:00,0.0,8.9,4.29
2013-01-06 10:00:00,0.0,9.4,4.43
2013-01-06 11:00:00,0.0,9.5,4.75
2013-01-06 12:00:00,0.0,10.0,6.18
2013-01-06 13:00:00,0.0,11.0,5.75
2013-01-06 14:00:00,0.0,10.7,6.26
2013-01-06 15:00:00,0.0,11.2,6.39
2013-01-06 16:00:00,0.0,11.0,6.74
2013-01-06 17:00:00,0.0,10.6,6.9
2013-01-06 18:00:00,0.0,10.4,5.87
2013-01-06 19:00:00,0.0,10.4,5.02
2013-01-06 20:00:00,0.0,10.8,3.5
2013-01-06 21:00:00,0.0,10.5,1.7
2013-01-06 22:00:00,0.1,10.2,2.2
2013-01-06 23:00:00,0.0,9.9,2.86
2013-01-07 00:00:00,0.0,10.4,3.17
2013-01-07 01:00:00,0.0,10.5,2.15
2013-01-07 02:00:00,0.1,10.1,0.71
2013-01-07 03:00:00,0.5,9.2,2.62
2013-01-07 04:00:00,0.1,8.8,1.45
2013-01-07 05:00:00,0.0,8.8,2.8
2013-01-07 06:00:00,0.1,8.7,2.19
2013-01-07 07:00:00,0.0,8.7,3.01
2013-01-07 08:00:00,0.1,9.3,3.75
2013-01-07 09:00:00,0.3,10.7,2.99
2013-01-07 10:00:00,0.0,11.1,3.25
2013-01-07 11:00:00,0.1,11.2,4.66
2013-01-07 12:00:00,0.1,11.5,3.76
2013-01-07 13:00:00,0.0,12.0,4.37
2013-01-07 14:00:00,0.1,11.5,4.22
2013-01-07 15:00:00,0.0,11.6,5.54
2013-01-07 16:00:00,0.2,11.5,4.89
2013-01-07 17:00:00,0.0,11.6,3.42
2013-01-07 18:00:00,0.0,11.6,4.05
2013-01-07 19:00:00,0.0,11.6,2.96
2013-01-07 20:00:00,0.0,11.5,4.5
2013-01-07 21:00:00,0.0,11.7,3.92
2013-01-07 22:00:00,0.0,11.5,4.83
2013-01-07 23:00:00,0.0,11.4,3.88
2013-01-08 00:00:00,0.0,11.5,3.24
2013-01-08 01:00:00,0.0,12.0,3.33
2013-01-08 02:00:00,0.0,12.1,3.15
2013-01-08 03:00:00,0.0,12.1,3.31
2013-01-08 04:00:00,0.0,11.9,3.45
2013-01-08 05:00:00,0.0,11.9,3.41
2013-01-08 06:00:00,0.0,12.2,4.44
2013-01-08 07:00:00,0.0,11.9,4.77
2013-01-08 08:00:00,0.3,11.2,5.06
2013-01-08 09:00:00,0.4,9.6,5.04
2013-01-08 10:00:00,0.3,9.2,4.69
2013-01-08 11:00:00,0.0,9.0,6.81
2013-01-08 12:00:00,0.0,9.1,6.98
2013-01-08 13:00:00,0.0,9.2,6.59
2013-01-08 14:00:00,0.0,8.8,7.29
2013-01-08 15:00:00,0.0,8.3,7.43
2013-01-08 16:00:00,0.0,7.6,7.22
2013-01-08 17:00:00,0.0,6.2,7.45
2013-01-08 18:00:00,0.0,4.8,6.7
2013-01-08 19:00:00,0.0,4.3,6.33
2013-01-08 20:00:00,0.0,4.7,7.06
2013-01-08 21:00:00,0.0,3.8,6.31
2013-01-08 22:00:00,0.0,2.6,6.71
2013-01-08 23:00:00,0.0,2.3,7.43
2013-01-09 00:00:00,0.0,1.2,7.21
2013-01-09 01:00:00,0.0,0.8,6.98
2013-01-09 02:00:00,0.0,0.3,7.19
2013-01-09 03:00:00,0.0,0.6,6.86
2013-01-09 04:00:00,0.0,0.2,6.57
2013-01-09 05:00:00,0.0,-0.6,6.57
2013-01-09 06:00:00,0.0,-1.1,6.68
2013-01-09 07:00:00,0.0,-1.3,5.93
2013-01-09 08:00:00,0.0,-1.6,5.49
2013-01-09 09:00:00,0.0,-1.7,4.89
2013-01-09 10:00:00,0.0,-1.0,4.87
2013-01-09 11:00:00,0.0,1.4,4.28
2013-01-09 12:00:00,0.0,3.6,4.18
2013-01-09 13:00:00,0.0,5.1,4.17
2013-01-09 14:00:00,0.0,5.3,4.27
2013-01-09 15:00:00,0.0,5.2,3.49
2013-01-09 16:00:00,0.0,3.9,3.41
2013-01-09 17:00:00,0.0,2.0,3.36
2013-01-09 18:00:00,0.0,1.4,2.61
2013-01-09 19:00:00,0.0,1.0,2.71
2013-01-09 20:00:00,0.0,-0.6,2.29
2013-01-09 21:00:00,0.0,-0.4,2.96
2013-01-09 22:00:00,0.0,0.1,2.83
2013-01-09 23:00:00,0.0,1.4,2.23
2013-01-10 00:00:00,0.0,2.3,1.96
2013-01-10 01:00:00,0.0,1.3,2.45
2013-01-10 02:00:00,0.0,-0.7,2.15
2013-01-10 03:00:00,0.0,-1.4,2.73
2013-01-10 04:00:00,0.0,-1.9,2.36
2013-01-10 05:00:00,0.0,-1.4,2.21
2013-01-10 06:00:00,0.0,0.2,2.1
2013-01-10 07:00:00,0.0,2.1,1.46
2013-01-10 08:00:00,0.0,1.1,1.69
2013-01-10 09:00:00,0.0,1.1,1.73
2013-01-10 10:00:00,0.1,3.5,1.59
2013-01-10 11:00:00,0.2,5.1,1.26
2013-01-10 12:00:00,0.7,5.6,0.55
2013-01-10 13:00:00,0.4,5.8,0.45
2013-01-10 14:00:00,0.1,6.3,0.42
2013-01-10 15:00:00,0.0,6.5,0.08
2013-01-10 16:00:00,0.0,6.3,0.78
2013-01-10 17:00:00,0.0,5.7,0.2
2013-01-10 18:00:00,0.0,5.5,0.74
2013-01-10 19:00:00,0.0,5.1,0.45
2013-01-10 20:00:00,0.0,4.7,1.08
2013-01-10 21:00:00,0.0,4.1,0.5
2013-01-10 22:00:00,0.1,2.9,0.94
2013-01-10 23:00:00,0.0,2.4,0.86
2013-01-11 00:00:00,0.0,2.3,0.37
2013-01-11 01:00:00,0.0,1.6,0.53
2013-01-11 02:00:00,0.0,1.1,1.06
2013-01-11 03:00:00,0.0,0.6,0.37
2013-01-11 04:00:00,0.0,0.2,0.39
2013-01-11 05:00:00,0.0,-0.5,0.67
2013-01-11 06:00:00,0.0,-1.0,1.41
2013-01-11 07:00:00,0.0,-0.7,2.2
2013-01-11 08:00:00,0.0,-0.3,1.44
2013-01-11 09:00:00,0.0,0.9,2.08
2013-01-11 10:00:00,0.0,2.2,1.18
2013-01-11 11:00:00,0.0,5.2,1.74
2013-01-11 12:00:00,0.0,6.5,1.99
2013-01-11 13:00:00,0.0,7.0,1.18
2013-01-11 14:00:00,0.0,7.6,1.8
2013-01-11 15:00:00,0.0,7.9,2.25
2013-01-11 16:00:00,0.0,7.7,2.76
2013-01-11 17:00:00,0.0,6.5,3.15
2013-01-11 18:00:00,0.0,6.3,3.56
2013-01-11 19:00:00,0.0,4.7,3.2
2013-01-11 20:00:00,0.0,4.4,2.87
2013-01-11 21:00:00,0.0,4.9,2.53
2013-01-11 22:00:00,0.0,5.8,2.68
2013-01-11 23:00:00,0.0,4.5,2.42
2013-01-12 00:00:00,0.0,5.0,1.94
2013-01-12 01:00:00,0.1,5.2,2.37
2013-01-12 02:00:00,0.0,6.1,2.22
2013-01-12 03:00:00,0.0,7.2,1.52
2013-01-12 04:00:00,0.0,7.3,0.48
2013-01-12 05:00:00,0.0,7.2,0.65
2013-01-12 06:00:00,0.0,7.2,1.08
2013-01-12 07:00:00,0.0,7.0,2.19
2013-01-12 08:00:00,0.0,7.1,1.99
2013-01-12 09:00:00,0.0,6.9,2.06
2013-01-12 10:00:00,0.0,6.7,2.35
2013-01-12 11:00:00,0.0,6.7,3.13
2013-01-12 12:00:00,0.0,6.4,2.76
2013-01-12 13:00:00,0.0,6.8,3.86
2013-01-12 14:00:00,0.0,6.6,3.53
2013-01-12 15:00:00,0.0,6.6,3.49
2013-01-12 16:00:00,0.0,5.8,3.79
2013-01-12 17:00:00,0.0,5.6,3.84
2013-01-12 18:00:00,0.0,5.6,3.59
2013-01-12 19:00:00,0.0,4.7,3.67
2013-01-12 20:00:00,0.0,4.5,4.14
2013-01-12 21:00:00,0.0,4.1,3.26
2013-01-12 22:00:00,0.0,4.4,2.95
2013-01-12 23:00:00,0.0,4.0,3.43
2013-01-13 00:00:00,0.0,3.5,2.83
2013-01-13 01:00:00,0.0,2.5,2.7
2013-01-13 02:00:00,0.0,1.3,3.64
2013-01-13 03:00:00,0.0,-0.2,4.15
2013-01-13 04:00:00,0.0,-1.2,4.59
2013-01-13 05:00:00,0.0,-1.6,4.01
2013-01-13 06:00:00,0.0,-0.6,3.92
2013-01-13 07:00:00,0.0,-0.5,4.18
2013-01-13 08:00:00,0.0,-1.1,3.63
2013-01-13 09:00:00,0.0,-0.9,4.39
2013-01-13 10:00:00,0.0,0.3,5.23
2013-01-13 11:00:00,0.0,1.6,4.81
2013-01-13 12:00:00,0.2,2.4,5.44
2013-01-13 13:00:00,0.8,3.0,4.84
2013-01-13 14:00:00,0.2,2.9,4.82
2013-01-13 15:00:00,0.0,3.1,5.07
2013-01-13 16:00:00,0.0,3.1,4.99
2013-01-13 17:00:00,0.0,2.9,4.87
2013-01-13 18:00:00,0.0,3.0,5.18
2013-01-13 19:00:00,0.0,3.2,5.09
2013-01-13 20:00:00,0.0,3.3,4.77
2013-01-13 21:00:00,0.0,3.0,3.88
2013-01-13 22:00:00,0.0,2.6,3.42
2013-01-13 23:00:00,0.0,2.8,3.75
2013-01-14 00:00:00,0.0,3.3,2.85
2013-01-14 01:00:00,0.0,3.7,2.94
2013-01-14 02:00:00,0.0,3.9,1.39
2013-01-14 03:00:00,0.0,4.6,1.4
2013-01-14 04:00:00,0.2,5.0,1.8
2013-01-14 05:00:00,0.8,4.7,0.86
2013-01-14 06:00:00,0.0,4.6,0.94
2013-01-14 07:00:00,0.0,4.7,1.06
2013-01-14 08:00:00,0.0,4.1,1.54
2013-01-14 09:00:00,0.1,4.2,1.01
2013-01-14 10:00:00,0.0,4.1,2.24
2013-01-14 11:00:00,0.0,4.8,2.58
2013-01-14 12:00:00,0.0,5.3,3.05
2013-01-14 13:00:00,0.0,5.7,3.09
2013-01-14 14:00:00,0.0,5.1,3.41
2013-01-14 15:00:00,0.8,3.5,3.31
2013-01-14 16:00:00,0.1,4.2,3.42
2013-01-14 17:00:00,0.0,2.8,4.12
2013-01-14 18:00:00,0.0,2.1,2.9
2013-01-14 19:00:00,0.0,1.7,2.6
2013-01-14 20:00:00,0.0,1.5,2.23
2013-01-14 21:00:00,0.0,1.9,2.59
2013-01-14 22:00:00,0.0,1.4,3.2
2013-01-14 23:00:00,0.0,1.7,2.79
2013-01-15 00:00:00,0.0,0.7,4.02
2013-01-15 01:00:00,0.0,0.5,3.87
2013-01-15 02:00:00,0.0,0.6,3.69
2013-01-15 03:00:00,0.0,0.2,4.3
2013-01-15 04:00:00,0.0,0.2,5.2
2013-01-15 05:00:00,0.0,-0.1,4.03
2013-01-15 06:00:00,0.0,-0.4,2.5
2013-01-15 07:00:00,0.0,-0.6,4.29
2013-01-15 08:00:00,0.0,-0.2,4.25
2013-01-15 09:00:00,0.0,0.2,4.26
2013-01-15 10:00:00,0.0,0.8,4.15
2013-01-15 11:00:00,0.0,2.2,4.83
2013-01-15 12:00:00,0.0,3.2,5.02
2013-01-15 13:00:00,0.0,3.4,5.56
2013-01-15 14:00:00,0.0,3.2,5.2
2013-01-15 15:00:00,0.0,3.1,4.82
2013-01-15 16:00:00,0.0,2.5,4.22
2013-01-15 17:00:00,0.0,1.7,4.23
2013-01-15 18:00:00,0.0,0.9,3.75
2013-01-15 19:00:00,0.0,0.4,3.58
2013-01-15 20:00:00,0.0,0.9,4.19
2013-01-15 21:00:00,0.0,1.4,3.3
2013-01-15 22:00:00,0.0,3.3,3.43
2013-01-15 23:00:00,0.0,3.9,2.99
2013-01-16 00:00:00,0.0,4.1,2.83
2013-01-16 01:00:00,0.0,4.7,3.01
2013-01-16 02:00:00,0.0,5.0,2.56
2013-01-16 03:00:00,0.0,4.8,2.19
2013-01-16 04:00:00,0.0,4.7,2.09
2013-01-16 05:00:00,0.0,4.4,1.42
2013-01-16 06:00:00,0.0,4.3,2.27
2013-01-16 07:00:00,0.0,3.9,1.65
2013-01-16 08:00:00,0.0,3.8,2.09
2013-01-16 09:00:00,0.0,4.0,1.52
2013-01-16 10:00:00,0.0,4.4,2.19
2013-01-16 11:00:00,0.1,4.3,1.99
2013-01-16 12:00:00,0.9,4.3,1.68
2013-01-16 13:00:00,0.6,4.4,1.47
2013-01-16 14:00:00,0.7,4.4,0.18
2013-01-16 15:00:00,0.3,4.3,0.87
2013-01-16 16:00:00,0.3,4.2,0.63
2013-01-16 17:00:00,0.1,4.1,1.79
2013-01-16 18:00:00,0.3,4.1,1.87
2013-01-16 19:00:00,0.2,4.0,2.43
2013-01-16 20:00:00,0.1,4.1,3.15
2013-01-16 21:00:00,0.0,5.4,3.22
2013-01-16 22:00:00,0.0,5.1,2.8
2013-01-16 23:00:00,0.1,5.3,3.39
2013-01-17 00:00:00,0.2,5.4,4.12
2013-01-17 01:00:00,0.2,5.5,3.73
2013-01-17 02:00:00,0.0,5.8,4.96
2013-01-17 03:00:00,0.0,5.9,4.3
2013-01-17 04:00:00,0.1,5.7,3.58
2013-01-17 05:00:00,0.0,5.1,4.01
2013-01-17 06:00:00,0.0,4.4,3.39
2013-01-17 07:00:00,0.0,5.0,3.31
2013-01-17 08:00:00,0.0,5.0,3.84
2013-01-17 09:00:00,0.0,4.5,3.26
2013-01-17 10:00:00,0.0,5.1,3.0
2013-01-17 11:00:00,0.0,7.0,2.56
2013-01-17 12:00:00,0.0,8.0,2.88
2013-01-17 13:00:00,0.0,8.2,3.08
2013-01-17 14:00:00,0.0,8.7,2.97
2013-01-17 15:00:00,0.0,8.2,3.34
2013-01-17 16:00:00,0.0,6.9,2.93
2013-01-17 17:00:00,0.0,6.7,2.51
2013-01-17 18:00:00,0.0,6.9,2.35
2013-01-17 19:00:00,0.0,7.0,2.39
2013-01-17 20:00:00,0.0,7.2,2.96
2013-01-17 21:00:00,0.0,6.7,3.07
2013-01-17 22:00:00,0.0,6.1,4.75
2013-01-17 23:00:00,0.1,5.6,4.81
2013-01-18 00:00:00,0.4,5.3,4.09
2013-01-18 01:00:00,0.6,4.9,3.68
2013-01-18 02:00:00,0.3,4.4,3.0
2013-01-18 03:00:00,0.7,3.7,3.25
2013-01-18 04:00:00,0.7,3.1,2.1
2013-01-18 05:00:00,0.6,2.9,2.22
2013-01-18 06:00:00,1.1,2.4,2.19
2013-01-18 07:00:00,0.7,2.4,1.92
2013-01-18 08:00:00,2.1,2.1,2.12
2013-01-18 09:00:00,2.2,2.3,2.42
2013-01-18 10:00:00,0.3,2.5,2.77
2013-01-18 11:00:00,0.5,2.6,3.93
2013-01-18 12:00:00,0.7,2.4,5.92
2013-01-18 13:00:00,1.1,2.3,5.73
2013-01-18 14:00:00,0.3,2.6,4.95
2013-01-18 15:00:00,0.6,2.5,5.49
2013-01-18 16:00:00,1.3,2.2,6.09
2013-01-18 17:00:00,0.4,2.0,6.91
2013-01-18 18:00:00,0.6,2.5,6.53
2013-01-18 19:00:00,0.3,2.8,7.56
2013-01-18 20:00:00,0.6,2.9,9.09
2013-01-18 21:00:00,1.2,3.7,8.53
2013-01-18 22:00:00,0.7,4.0,8.64
2013-01-18 23:00:00,0.6,4.0,10.2
2013-01-19 00:00:00,0.1,3.9,9.95
2013-01-19 01:00:00,0.0,3.5,10.38
2013-01-19 02:00:00,0.0,3.5,9.92
2013-01-19 03:00:00,0.0,3.5,10.74
2013-01-19 04:00:00,0.0,3.4,9.74
2013-01-19 05:00:00,0.1,3.1,9.01
2013-01-19 06:00:00,0.1,2.5,8.77
2013-01-19 07:00:00,0.0,2.0,8.72
2013-01-19 08:00:00,0.5,1.6,9.12
2013-01-19 09:00:00,0.7,2.0,9.41
2013-01-19 10:00:00,0.1,2.1,9.37
2013-01-19 11:00:00,0.2,1.9,9.26
2013-01-19 12:00:00,0.2,2.2,9.05
2013-01-19 13:00:00,0.0,2.3,8.03
2013-01-19 14:00:00,0.0,2.2,8.57
2013-01-19 15:00:00,0.0,2.0,8.13
2013-01-19 16:00:00,0.1,1.8,8.05
2013-01-19 17:00:00,0.0,1.5,7.49
2013-01-19 18:00:00,0.0,2.4,7.47
2013-01-19 19:00:00,0.0,2.4,7.52
2013-01-19 20:00:00,0.0,2.7,6.98
2013-01-19 21:00:00,0.0,2.7,6.23
2013-01-19 22:00:00,0.0,2.7,6.21
2013-01-19 23:00:00,0.0,2.6,6.32
2013-01-20 00:00:00,0.0,2.6,6.0
2013-01-20 01:00:00,0.0,2.6,6.33
2013-01-20 02:00:00,0.0,2.7,5.88
2013-01-20 03:00:00,0.0,2.7,5.94
2013-01-20 04:00:00,0.0,2.7,6.27
2013-01-20 05:00:00,0.0,2.7,6.64
2013-01-20 06:00:00,0.0,2.8,6.71
2013-01-20 07:00:00,0.0,2.6,5.84
2013-01-20 08:00:00,0.0,2.6,5.36
2013-01-20 09:00:00,0.0,2.7,5.07
2013-01-20 10:00:00,0.0,2.9,5.12
2013-01-20 11:00:00,0.0,3.1,4.98
2013-01-20 12:00:00,0.0,2.4,4.4
2013-01-20 13:00:00,0.0,2.6,4.16
2013-01-20 14:00:00,0.0,1.9,4.39
2013-01-20 15:00:00,0.0,2.6,4.39
2013-01-20 16:00:00,0.1,2.4,4.2
2013-01-20 17:00:00,0.0,2.8,4.05
2013-01-20 18:00:00,0.0,2.8,3.31
2013-01-20 19:00:00,0.0,2.8,4.26
2013-01-20 20:00:00,0.0,2.9,4.21
2013-01-20 21:00:00,0.0,3.0,4.48
2013-01-20 22:00:00,0.0,3.0,4.66
2013-01-20 23:00:00,0.0,2.9,5.31
2013-01-21 00:00:00,0.0,2.9,5.29
2013-01-21 01:00:00,0.0,3.0,6.04
2013-01-21 02:00:00,0.0,2.9,5.65
2013-01-21 03:00:00,0.0,2.9,6.19
2013-01-21 04:00:00,0.0,3.1,6.11
2013-01-21 05:00:00,0.1,2.4,5.74
2013-01-21 06:00:00,0.2,1.5,5.26
2013-01-21 07:00:00,1.2,0.3,5.15
2013-01-21 08:00:00,1.8,0.3,5.82
2013-01-21 09:00:00,1.8,0.2,5.49
2013-01-21 10:00:00,1.3,0.4,6.09
2013-01-21 11:00:00,0.0,0.7,6.42
2013-01-21 12:00:00,1.0,0.4,6.42
2013-01-21 13:00:00,0.8,1.3,5.26
2013-01-21 14:00:00,0.0,1.7,6.56
2013-01-21 15:00:00,0.1,1.7,5.61
2013-01-21 16:00:00,0.0,1.7,6.67
2013-01-21 17:00:00,0.3,1.6,6.35
2013-01-21 18:00:00,0.0,1.3,6.8
2013-01-21 19:00:00,0.0,1.3,6.45
2013-01-21 20:00:00,0.0,1.1,6.55
2013-01-21 21:00:00,0.0,1.0,6.82
2013-01-21 22:00:00,0.0,0.9,6.4
2013-01-21 23:00:00,0.0,-0.1,5.91
2013-01-22 00:00:00,0.0,-0.6,5.83
2013-01-22 01:00:00,0.0,-1.4,5.4
2013-01-22 02:00:00,0.0,-2.0,4.26
2013-01-22 03:00:00,0.0,-1.9,4.35
2013-01-22 04:00:00,0.0,-1.8,5.62
2013-01-22 05:00:00,0.0,-2.6,2.54
2013-01-22 06:00:00,0.0,-2.9,2.44
2013-01-22 07:00:00,0.0,-3.1,2.44
2013-01-22 08:00:00,0.0,-3.8,2.69
2013-01-22 09:00:00,0.0,-3.3,2.11
2013-01-22 10:00:00,0.0,-1.7,1.22
2013-01-22 11:00:00,0.0,-1.1,0.82
2013-01-22 12:00:00,0.0,-0.5,1.29
2013-01-22 13:00:00,0.0,0.1,2.25
2013-01-22 14:00:00,0.0,0.5,2.31
2013-01-22 15:00:00,0.0,1.2,1.76
2013-01-22 16:00:00,0.0,1.6,1.18
2013-01-22 17:00:00,0.0,1.3,0.83
2013-01-22 18:00:00,0.0,0.8,1.01
2013-01-22 19:00:00,0.0,-0.3,0.72
2013-01-22 20:00:00,0.0,-0.7,0.7
2013-01-22 21:00:00,0.0,0.0,1.56
2013-01-22 22:00:00,0.0,-0.3,1.67
2013-01-22 23:00:00,0.0,-0.6,1.66
2013-01-23 00:00:00,0.0,-0.1,2.41
2013-01-23 01:00:00,0.0,0.1,2.58
2013-01-23 02:00:00,0.0,0.5,1.0
2013-01-23 03:00:00,0.0,-0.6,1.02
2013-01-23 04:00:00,0.0,-1.1,2.14
2013-01-23 05:00:00,0.0,-0.3,2.12
2013-01-23 06:00:00,0.0,-1.3,1.75
2013-01-23 07:00:00,0.0,0.2,1.86
2013-01-23 08:00:00,0.0,0.8,1.33
2013-01-23 09:00:00,0.0,1.3,1.01
2013-01-23 10:00:00,0.0,2.3,1.4
2013-01-23 11:00:00,0.1,3.3,0.69
2013-01-23 12:00:00,0.0,3.7,1.43
2013-01-23 13:00:00,0.0,4.0,1.6
2013-01-23 14:00:00,0.0,3.5,1.32
2013-01-23 15:00:00,0.0,4.0,1.4
2013-01-23 16:00:00,0.0,3.9,1.47
2013-01-23 17:00:00,0.0,2.9,0.68
2013-01-23 18:00:00,0.0,3.0,1.04
2013-01-23 19:00:00,0.0,3.1,1.7
2013-01-23 20:00:00,0.0,3.2,1.8
2013-01-23 21:00:00,0.0,2.7,1.84
2013-01-23 22:00:00,0.0,2.8,2.13
2013-01-23 23:00:00,0.0,2.2,1.3
2013-01-24 00:00:00,0.0,2.0,2.37
2013-01-24 01:00:00,0.0,2.1,2.29
2013-01-24 02:00:00,0.0,1.9,2.4
2013-01-24 03:00:00,0.0,1.7,1.39
2013-01-24 04:00:00,0.0,1.5,3.05
2013-01-24 05:00:00,0.0,1.4,3.28
2013-01-24 06:00:00,0.0,1.5,3.31
2013-01-24 07:00:00,0.0,1.7,2.57
2013-01-24 08:00:00,0.0,1.8,3.35
2013-01-24 09:00:00,0.0,2.0,4.05
2013-01-24 10:00:00,0.0,2.9,4.97
2013-01-24 11:00:00,0.0,4.0,5.12
2013-01-24 12:00:00,0.0,4.1,5.22
2013-01-24 13:00:00,0.0,4.3,4.85
2013-01-24 14:00:00,0.0,5.2,4.42
2013-01-24 15:00:00,0.0,5.3,4.3
2013-01-24 16:00:00,0.0,4.7,4.22
2013-01-24 17:00:00,0.0,4.1,3.34
2013-01-24 18:00:00,0.0,4.9,3.04
2013-01-24 19:00:00,0.0,4.8,2.99
2013-01-24 20:00:00,0.0,4.9,2.95
2013-01-24 21:00:00,0.0,4.8,3.17
2013-01-24 22:00:00,0.0,5.0,2.4
2013-01-24 23:00:00,0.0,5.0,2.41
2013-01-25 00:00:00,0.0,5.2,2.59
2013-01-25 01:00:00,0.0,5.3,2.0
2013-01-25 02:00:00,0.0,5.4,1.54
2013-01-25 03:00:00,0.0,5.6,1.76
2013-01-25 04:00:00,0.0,5.7,2.14
2013-01-25 05:00:00,0.3,5.3,1.72
2013-01-25 06:00:00,1.1,5.0,1.67
2013-01-25 07:00:00,1.0,5.1,0.75
2013-01-25 08:00:00,0.2,5.3,0.47
2013-01-25 09:00:00,0.0,6.3,1.6
2013-01-25 10:00:00,0.0,7.0,3.04
2013-01-25 11:00:00,0.0,7.4,3.0
2013-01-25 12:00:00,0.0,7.7,3.17
2013-01-25 13:00:00,0.0,8.4,3.63
2013-01-25 14:00:00,1.1,8.0,3.78
2013-01-25 15:00:00,1.0,8.6,3.47
2013-01-25 16:00:00,0.1,8.4,2.58
2013-01-25 17:00:00,3.4,7.9,3.56
2013-01-25 18:00:00,2.4,7.7,4.72
2013-01-25 19:00:00,4.0,7.9,4.76
2013-01-25 20:00:00,3.2,7.8,5.68
2013-01-25 21:00:00,0.6,7.3,5.28
2013-01-25 22:00:00,0.0,6.7,5.62
2013-01-25 23:00:00,0.0,5.9,5.62
2013-01-26 00:00:00,0.0,4.9,6.63
2013-01-26 01:00:00,0.0,4.3,5.17
2013-01-26 02:00:00,0.0,3.5,5.53
2013-01-26 03:00:00,0.0,3.0,5.44
2013-01-26 04:00:00,0.0,2.9,5.92
2013-01-26 05:00:00,0.0,2.4,5.73
2013-01-26 06:00:00,0.0,3.3,5.23
2013-01-26 07:00:00,0.0,3.0,5.45
2013-01-26 08:00:00,0.0,2.3,7.05
2013-01-26 09:00:00,0.0,3.2,7.95
2013-01-26 10:00:00,0.0,4.4,8.28
2013-01-26 11:00:00,0.0,6.4,8.89
2013-01-26 12:00:00,0.0,8.1,9.2
2013-01-26 13:00:00,0.0,8.6,9.8
2013-01-26 14:00:00,0.1,8.4,10.24
2013-01-26 15:00:00,0.0,9.3,8.66
2013-01-26 16:00:00,0.2,9.3,7.34
2013-01-26 17:00:00,0.7,8.9,7.04
2013-01-26 18:00:00,0.1,10.1,4.47
2013-01-26 19:00:00,0.0,11.1,3.71
2013-01-26 20:00:00,0.0,11.6,3.75
2013-01-26 21:00:00,0.0,12.0,4.4
2013-01-26 22:00:00,0.0,11.9,5.4
2013-01-26 23:00:00,0.1,11.5,6.12
2013-01-27 00:00:00,0.5,11.8,6.06
2013-01-27 01:00:00,0.6,9.6,5.56
2013-01-27 02:00:00,1.5,8.3,5.98
2013-01-27 03:00:00,0.5,8.1,5.14
2013-01-27 04:00:00,0.0,7.3,5.39
2013-01-27 05:00:00,0.0,7.2,5.14
2013-01-27 06:00:00,0.5,4.2,5.36
2013-01-27 07:00:00,0.0,3.5,5.53
2013-01-27 08:00:00,0.0,3.8,5.01
2013-01-27 09:00:00,0.1,3.9,5.45
2013-01-27 10:00:00,0.0,3.9,6.18
2013-01-27 11:00:00,0.0,4.1,6.83
2013-01-27 12:00:00,0.0,5.5,7.5
2013-01-27 13:00:00,0.0,6.3,7.81
2013-01-27 14:00:00,1.5,2.9,7.94
2013-01-27 15:00:00,0.0,3.6,8.9
2013-01-27 16:00:00,0.0,3.9,9.2
2013-01-27 17:00:00,0.1,3.1,8.1
2013-01-27 18:00:00,0.5,3.0,10.04
2013-01-27 19:00:00,0.6,2.6,9.2
2013-01-27 20:00:00,0.0,2.6,11.6
2013-01-27 21:00:00,0.0,3.0,11.17
2013-01-27 22:00:00,0.0,2.8,11.13
2013-01-27 23:00:00,0.0,2.4,11.25
2013-01-28 00:00:00,0.0,2.6,11.3
2013-01-28 01:00:00,0.0,2.7,9.41
2013-01-28 02:00:00,0.0,2.8,8.97
2013-01-28 03:00:00,0.0,3.4,8.52
2013-01-28 04:00:00,0.0,3.4,9.93
2013-01-28 05:00:00,0.0,3.3,11.83
2013-01-28 06:00:00,0.0,3.5,10.63
2013-01-28 07:00:00,0.0,4.0,9.17
2013-01-28 08:00:00,0.0,5.1,9.59
2013-01-28 09:00:00,0.1,6.1,11.48
2013-01-28 10:00:00,0.5,6.0,11.5
2013-01-28 11:00:00,0.3,7.7,12.58
2013-01-28 12:00:00,0.0,9.1,12.89
2013-01-28 13:00:00,0.2,10.8,12.29
2013-01-28 14:00:00,0.0,10.4,11.23
2013-01-28 15:00:00,0.0,10.7,9.94
2013-01-28 16:00:00,0.4,10.4,9.54
2013-01-28 17:00:00,0.0,10.0,8.24
2013-01-28 18:00:00,0.0,9.8,8.16
2013-01-28 19:00:00,0.0,9.7,8.05
2013-01-28 20:00:00,0.0,9.4,8.26
2013-01-28 21:00:00,0.0,9.4,8.98
2013-01-28 22:00:00,0.0,9.4,9.24
2013-01-28 23:00:00,0.0,9.4,9.11
2013-01-29 00:00:00,0.0,8.9,8.94
2013-01-29 01:00:00,0.0,8.4,9.18
2013-01-29 02:00:00,0.0,8.0,8.43
2013-01-29 03:00:00,0.0,7.8,8.8
2013-01-29 04:00:00,0.0,7.2,8.05
2013-01-29 05:00:00,0.0,6.8,7.37
2013-01-29 06:00:00,0.0,6.5,7.33
2013-01-29 07:00:00,0.0,7.1,7.85
2013-01-29 08:00:00,0.0,7.6,7.89
2013-01-29 09:00:00,0.0,7.8,9.4
2013-01-29 10:00:00,0.1,9.7,9.4
2013-01-29 11:00:00,0.0,12.4,11.76
2013-01-29 12:00:00,0.0,13.6,12.98
2013-01-29 13:00:00,0.0,13.9,14.22
2013-01-29 14:00:00,0.0,13.9,12.35
2013-01-29 15:00:00,0.0,13.8,13.23
2013-01-29 16:00:00,2.9,9.0,13.51
2013-01-29 17:00:00,0.6,8.9,13.49
2013-01-29 18:00:00,0.0,9.1,13.46
2013-01-29 19:00:00,0.0,9.0,13.54
2013-01-29 20:00:00,0.0,8.6,13.13
2013-01-29 21:00:00,0.0,8.1,13.79
2013-01-29 22:00:00,0.0,7.8,13.27
2013-01-29 23:00:00,0.0,7.5,12.66
2013-01-30 00:00:00,0.0,7.2,11.25
2013-01-30 01:00:00,0.0,8.3,9.21
2013-01-30 02:00:00,0.0,8.0,9.8
2013-01-30 03:00:00,0.0,7.6,7.2
2013-01-30 04:00:00,0.0,6.9,7.17
2013-01-30 05:00:00,0.1,6.2,6.2
2013-01-30 06:00:00,0.0,6.1,4.99
2013-01-30 07:00:00,0.0,6.2,3.95
2013-01-30 08:00:00,0.0,6.9,5.41
2013-01-30 09:00:00,0.0,7.2,6.44
2013-01-30 10:00:00,0.1,8.6,6.69
2013-01-30 11:00:00,0.9,6.1,7.79
2013-01-30 12:00:00,2.2,6.1,11.36
2013-01-30 13:00:00,0.4,7.1,11.99
2013-01-30 14:00:00,0.0,7.7,12.75
2013-01-30 15:00:00,0.0,8.0,12.98
2013-01-30 16:00:00,0.1,7.6,11.1
2013-01-30 17:00:00,0.0,7.0,10.53
2013-01-30 18:00:00,0.0,6.2,10.41
2013-01-30 19:00:00,0.0,5.8,9.38
2013-01-30 20:00:00,0.0,5.6,9.88
2013-01-30 21:00:00,0.0,5.9,9.08
2013-01-30 22:00:00,0.0,6.3,8.76
2013-01-30 23:00:00,0.0,8.2,8.02
2013-01-31 00:00:00,0.0,9.3,8.16
2013-01-31 01:00:00,2.3,8.2,9.01
2013-01-31 02:00:00,0.8,8.1,9.44
2013-01-31 03:00:00,0.0,7.7,8.97
2013-01-31 04:00:00,0.0,7.4,8.3
2013-01-31 05:00:00,0.1,6.1,8.9
2013-01-31 06:00:00,0.0,6.1,7.72
2013-01-31 07:00:00,0.2,5.5,8.7
2013-01-31 08:00:00,0.3,4.4,8.91
2013-01-31 09:00:00,0.0,5.4,10.38
2013-01-31 10:00:00,0.0,6.1,13.22
2013-01-31 11:00:00,0.0,7.4,14.84
